"","x"
"1","AFD"
"2",NA
"3",NA
"4",NA
"5","ASK_parent"
"6","ASEL"
"7",NA
"8",NA
"9",NA
"10","Neuroblast_AFD_RMD"
"11","Neuroblast_ADF_AWB"
"12","Neuroblast_ASE_ASJ_AUA"
"13",NA
"14","ASK_parent"
"15","ASE_parent"
"16","Neuroblast_ASJ_AUA"
"17",NA
"18",NA
"19","Neuroblast_AFD_RMD"
"20","AFD"
"21",NA
"22",NA
"23",NA
"24","Neuroblast_AFD_RMD"
"25","Neuroblast_ASG_AWA"
"26","Neuroblast_ASG_AWA"
"27","Neuroblast_ASE_ASJ_AUA"
"28","Neuroblast_ADF_AWB"
"29","Neuroblast_ASG_AWA"
"30",NA
"31",NA
"32","Neuroblast_ASE_ASJ_AUA"
"33","ADL"
"34","Neuroblast_AFD_RMD"
"35",NA
"36",NA
"37","ADL_parent"
"38","Neuroblast_ASE_ASJ_AUA"
"39","Neuroblast_ASG_AWA"
"40",NA
"41",NA
"42","ASG_AWA"
"43",NA
"44",NA
"45","Neuroblast_ASJ_AUA"
"46",NA
"47","ADL_parent"
"48","ADL_parent"
"49",NA
"50",NA
"51",NA
"52",NA
"53","Neuroblast_AFD_RMD"
"54",NA
"55","ASH"
"56","Neuroblast_AFD_RMD"
"57",NA
"58","Neuroblast_ASG_AWA"
"59",NA
"60",NA
"61",NA
"62","ADF"
"63","Neuroblast_ASJ_AUA"
"64","Neuroblast_ASG_AWA"
"65",NA
"66","Neuroblast_ASJ_AUA"
"67",NA
"68",NA
"69","ASI_parent"
"70",NA
"71",NA
"72",NA
"73",NA
"74","ASI_parent"
"75",NA
"76","ADL"
"77","ASE_parent"
"78","ASI_parent"
"79","Neuroblast_ASE_ASJ_AUA"
"80",NA
"81",NA
"82",NA
"83",NA
"84","ASK_parent"
"85","ADL"
"86","Neuroblast_ASE_ASJ_AUA"
"87",NA
"88","ASK_parent"
"89","Neuroblast_ADF_AWB"
"90",NA
"91","AFD"
"92",NA
"93","Neuroblast_ASG_AWA"
"94","ADL_parent"
"95","ADL"
"96","ASI_parent"
"97","ADL_parent"
"98",NA
"99","ADL_parent"
"100",NA
"101",NA
"102",NA
"103","Neuroblast_AFD_RMD"
"104",NA
"105","Neuroblast_ASJ_AUA"
"106","ADL"
"107","Neuroblast_ADF_AWB"
"108","ADL_parent"
"109","AWC"
"110","ASK_parent"
"111","Neuroblast_ASG_AWA"
"112",NA
"113","Neuroblast_ADF_AWB"
"114","Neuroblast_ASE_ASJ_AUA"
"115","ADL_parent"
"116",NA
"117",NA
"118","ADF_AWB"
"119",NA
"120","ASJ"
"121","Neuroblast_ADF_AWB"
"122","Neuroblast_ASE_ASJ_AUA"
"123","ASI_parent"
"124","ASE_parent"
"125","Neuroblast_ASG_AWA"
"126","Neuroblast_AFD_RMD"
"127",NA
"128",NA
"129","ASE"
"130","ADL"
"131","Neuroblast_AFD_RMD"
"132","ADL_parent"
"133","Neuroblast_ASG_AWA"
"134",NA
"135",NA
"136",NA
"137","ASE_parent"
"138","ASH"
"139","Neuroblast_ASG_AWA"
"140","Neuroblast_ASE_ASJ_AUA"
"141","ADL_parent"
"142",NA
"143","Neuroblast_ASG_AWA"
"144","Neuroblast_AFD_RMD"
"145",NA
"146",NA
"147","Neuroblast_ASG_AWA"
"148","ADL"
"149","ADL"
"150","ADF"
"151",NA
"152",NA
"153","ADL_parent"
"154","ADL"
"155",NA
"156",NA
"157",NA
"158",NA
"159",NA
"160",NA
"161","ADL"
"162","ASJ"
"163",NA
"164",NA
"165","ASK_parent"
"166",NA
"167",NA
"168",NA
"169","ADL_parent"
"170",NA
"171",NA
"172","ASH"
"173",NA
"174","ASE"
"175",NA
"176","ASE_parent"
"177","ASK_parent"
"178",NA
"179","Neuroblast_ADF_AWB"
"180",NA
"181",NA
"182","Neuroblast_ASG_AWA"
"183",NA
"184","ASK_parent"
"185","Neuroblast_ASG_AWA"
"186",NA
"187","ASG_AWA"
"188",NA
"189","Neuroblast_ASE_ASJ_AUA"
"190",NA
"191",NA
"192",NA
"193","Neuroblast_ASG_AWA"
"194",NA
"195",NA
"196",NA
"197","ADL_parent"
"198","ASE_parent"
"199","Neuroblast_ASG_AWA"
"200","ADL_parent"
"201",NA
"202",NA
"203",NA
"204","Neuroblast_ASG_AWA"
"205",NA
"206","Neuroblast_AFD_RMD"
"207",NA
"208","Neuroblast_AFD_RMD"
"209","Neuroblast_ADF_AWB"
"210","Neuroblast_ASG_AWA"
"211","Neuroblast_AFD_RMD"
"212",NA
"213","ASH"
"214",NA
"215",NA
"216",NA
"217","ASI_parent"
"218",NA
"219",NA
"220",NA
"221",NA
"222",NA
"223","Neuroblast_ADF_AWB"
"224",NA
"225",NA
"226","Neuroblast_ASG_AWA"
"227","ADL_parent"
"228","Neuroblast_ASG_AWA"
"229","ASH"
"230",NA
"231",NA
"232","Neuroblast_ASG_AWA"
"233","AUA"
"234","ADF_AWB"
"235","AFD"
"236","ASH"
"237",NA
"238","ASJ"
"239",NA
"240",NA
"241",NA
"242",NA
"243","Neuroblast_AFD_RMD"
"244",NA
"245",NA
"246","ASE"
"247","Neuroblast_ADF_AWB"
"248",NA
"249",NA
"250","ASK_parent"
"251",NA
"252","ASI_parent"
"253",NA
"254",NA
"255",NA
"256","ADL"
"257","Neuroblast_ASG_AWA"
"258","ADL_parent"
"259","ASI_parent"
"260",NA
"261",NA
"262","ASI_parent"
"263",NA
"264","ADL_parent"
"265","Neuroblast_ASG_AWA"
"266",NA
"267",NA
"268",NA
"269","ASK_parent"
"270","ASH"
"271",NA
"272",NA
"273",NA
"274","ASI_parent"
"275","Neuroblast_ASG_AWA"
"276","Neuroblast_ADF_AWB"
"277","ADL_parent"
"278","ADL_parent"
"279","Neuroblast_ASE_ASJ_AUA"
"280","Neuroblast_AFD_RMD"
"281",NA
"282",NA
"283","AFD"
"284",NA
"285",NA
"286",NA
"287",NA
"288",NA
"289",NA
"290","ASH"
"291",NA
"292",NA
"293","Neuroblast_ASE_ASJ_AUA"
"294","Neuroblast_ADF_AWB"
"295","Neuroblast_ASE_ASJ_AUA"
"296","ADF_AWB"
"297","Neuroblast_ASE_ASJ_AUA"
"298","Neuroblast_ASE_ASJ_AUA"
"299",NA
"300","Neuroblast_ASG_AWA"
"301",NA
"302","ADL"
"303","Neuroblast_ASG_AWA"
"304","Neuroblast_ASG_AWA"
"305","ASK_parent"
"306","ASE_parent"
"307",NA
"308","Neuroblast_AFD_RMD"
"309","Neuroblast_ASG_AWA"
"310","ASJ"
"311","ADL_parent"
"312","ASK_parent"
"313","Neuroblast_ASG_AWA"
"314",NA
"315",NA
"316",NA
"317","ADL_parent"
"318","ASH"
"319",NA
"320",NA
"321","ADL_parent"
"322",NA
"323",NA
"324",NA
"325",NA
"326","ADL_parent"
"327","Neuroblast_AFD_RMD"
"328","ASJ"
"329",NA
"330",NA
"331","Neuroblast_ASJ_AUA"
"332",NA
"333","ADL_parent"
"334","Neuroblast_ASE_ASJ_AUA"
"335","Neuroblast_AFD_RMD"
"336",NA
"337","AFD"
"338",NA
"339",NA
"340",NA
"341","ADL_parent"
"342",NA
"343","ASE_parent"
"344","ASH"
"345","ASH"
"346",NA
"347","Neuroblast_ASG_AWA"
"348","ASH"
"349",NA
"350","ASI_parent"
"351","Neuroblast_ADF_AWB"
"352","Neuroblast_ASG_AWA"
"353","ADL_parent"
"354",NA
"355","Neuroblast_AFD_RMD"
"356",NA
"357","Neuroblast_AFD_RMD"
"358","ASK"
"359",NA
"360","ADL_parent"
"361","ADL_parent"
"362","Neuroblast_AFD_RMD"
"363",NA
"364",NA
"365",NA
"366","Neuroblast_AFD_RMD"
"367","Neuroblast_AFD_RMD"
"368","Neuroblast_ASG_AWA"
"369","Neuroblast_ASG_AWA"
"370","ADL_parent"
"371","ADL_parent"
"372","ASI"
"373","ASK_parent"
"374",NA
"375","Neuroblast_ASE_ASJ_AUA"
"376",NA
"377","Neuroblast_ASG_AWA"
"378","ADL_parent"
"379",NA
"380","Neuroblast_ASE_ASJ_AUA"
"381","Neuroblast_ADF_AWB"
"382","Neuroblast_ASG_AWA"
"383",NA
"384","ASG_AWA"
"385","Neuroblast_ASG_AWA"
"386","ASH"
"387",NA
"388",NA
"389","Neuroblast_ADF_AWB"
"390","Neuroblast_ASG_AWA"
"391","AFD"
"392",NA
"393",NA
"394","ASE_parent"
"395",NA
"396",NA
"397","ASK"
"398","ADL_parent"
"399","ASJ"
"400",NA
"401","Neuroblast_ASE_ASJ_AUA"
"402","ASH"
"403","ADL_parent"
"404","ASK_parent"
"405",NA
"406",NA
"407","ADL_parent"
"408","Neuroblast_AFD_RMD"
"409",NA
"410",NA
"411","ADL"
"412","Neuroblast_ADF_AWB"
"413",NA
"414","ASK_parent"
"415","Neuroblast_ASG_AWA"
"416",NA
"417","Neuroblast_ASG_AWA"
"418",NA
"419",NA
"420","Neuroblast_AFD_RMD"
"421","Neuroblast_ADF_AWB"
"422","ADL_parent"
"423",NA
"424","Neuroblast_ASE_ASJ_AUA"
"425",NA
"426","Neuroblast_ASG_AWA"
"427",NA
"428",NA
"429",NA
"430","Neuroblast_ADF_AWB"
"431","Neuroblast_AFD_RMD"
"432","ASH"
"433","ADL_parent"
"434",NA
"435",NA
"436",NA
"437","Neuroblast_ASE_ASJ_AUA"
"438","ADL_parent"
"439","Neuroblast_ADF_AWB"
"440",NA
"441","Neuroblast_ASJ_AUA"
"442",NA
"443",NA
"444",NA
"445",NA
"446","ASK_parent"
"447","ASE_parent"
"448","ASH"
"449",NA
"450",NA
"451",NA
"452","AWA"
"453","AFD"
"454","Neuroblast_ASG_AWA"
"455","Neuroblast_ASG_AWA"
"456","Neuroblast_AFD_RMD"
"457",NA
"458","Neuroblast_ASJ_AUA"
"459",NA
"460",NA
"461",NA
"462","AFD"
"463","Neuroblast_AFD_RMD"
"464","AFD"
"465","Neuroblast_ASG_AWA"
"466","Neuroblast_ADF_AWB"
"467","Neuroblast_ASG_AWA"
"468",NA
"469","ASH"
"470","ADL_parent"
"471",NA
"472","ADL_parent"
"473","AFD"
"474","ASI"
"475",NA
"476","Neuroblast_AFD_RMD"
"477","Neuroblast_AFD_RMD"
"478",NA
"479",NA
"480","ADL_parent"
"481","Neuroblast_AFD_RMD"
"482","Neuroblast_ASG_AWA"
"483",NA
"484","ASE_parent"
"485",NA
"486","ASE_parent"
"487","ADL_parent"
"488",NA
"489","AUA"
"490",NA
"491","ADL_parent"
"492",NA
"493","Neuroblast_ASG_AWA"
"494",NA
"495",NA
"496","ADL_parent"
"497","Neuroblast_ADF_AWB"
"498",NA
"499",NA
"500",NA
"501","ADL_parent"
"502","AWC"
"503",NA
"504","Neuroblast_ASE_ASJ_AUA"
"505","Neuroblast_AFD_RMD"
"506","AWC"
"507",NA
"508",NA
"509","ASH"
"510","AFD"
"511","Neuroblast_AFD_RMD"
"512",NA
"513","ASE_parent"
"514","Neuroblast_AFD_RMD"
"515",NA
"516","ASI_parent"
"517","Neuroblast_ADF_AWB"
"518",NA
"519",NA
"520","ASK_parent"
"521","ADL_parent"
"522","Neuroblast_AFD_RMD"
"523","ASK_parent"
"524","Neuroblast_ASJ_AUA"
"525",NA
"526",NA
"527","ADL_parent"
"528",NA
"529","ASE_parent"
"530",NA
"531",NA
"532","ADF"
"533",NA
"534",NA
"535","ADL_parent"
"536",NA
"537",NA
"538",NA
"539",NA
"540","Neuroblast_ASG_AWA"
"541","ADL_parent"
"542",NA
"543","ADL"
"544",NA
"545","ADL_parent"
"546","Neuroblast_AFD_RMD"
"547","ASE"
"548",NA
"549",NA
"550","ADL"
"551","ASJ"
"552","Neuroblast_ASE_ASJ_AUA"
"553","Neuroblast_ADF_AWB"
"554","ADL"
"555",NA
"556","ASK_parent"
"557","ADL_parent"
"558","Neuroblast_ASG_AWA"
"559",NA
"560",NA
"561","ASG_AWA"
"562",NA
"563",NA
"564",NA
"565",NA
"566",NA
"567","ADL_parent"
"568","Neuroblast_ASE_ASJ_AUA"
"569","AWA"
"570","Neuroblast_AFD_RMD"
"571",NA
"572","Neuroblast_AFD_RMD"
"573",NA
"574",NA
"575","Neuroblast_ADF_AWB"
"576",NA
"577",NA
"578","ADL_parent"
"579",NA
"580",NA
"581",NA
"582","Neuroblast_AFD_RMD"
"583","ADL"
"584","Neuroblast_ADF_AWB"
"585","ASH"
"586","Neuroblast_ASE_ASJ_AUA"
"587",NA
"588","Neuroblast_ASG_AWA"
"589","ADL_parent"
"590","ASE"
"591","ASE_parent"
"592","ASE_parent"
"593",NA
"594","ADL_parent"
"595",NA
"596","Neuroblast_AFD_RMD"
"597","ASE"
"598","ADF_AWB"
"599","Neuroblast_AFD_RMD"
"600",NA
"601",NA
"602","Neuroblast_AFD_RMD"
"603","Neuroblast_ADF_AWB"
"604",NA
"605","ASK_parent"
"606","ADL_parent"
"607",NA
"608",NA
"609","Neuroblast_ADF_AWB"
"610","ADL_parent"
"611",NA
"612","Neuroblast_ASJ_AUA"
"613",NA
"614","ASK_parent"
"615",NA
"616",NA
"617","ASH"
"618","AFD"
"619","ADL_parent"
"620","ASK"
"621","Neuroblast_AFD_RMD"
"622",NA
"623",NA
"624","AWC"
"625","Neuroblast_ASG_AWA"
"626",NA
"627",NA
"628","Neuroblast_ADF_AWB"
"629","ADL_parent"
"630","ADL_parent"
"631","ADL_parent"
"632",NA
"633","Neuroblast_ADF_AWB"
"634",NA
"635","Neuroblast_ASG_AWA"
"636","Neuroblast_ADF_AWB"
"637","Neuroblast_ASJ_AUA"
"638","Neuroblast_AFD_RMD"
"639","Neuroblast_ADF_AWB"
"640","ASH"
"641","Neuroblast_ASE_ASJ_AUA"
"642",NA
"643",NA
"644","Neuroblast_ADF_AWB"
"645","ASE"
"646",NA
"647",NA
"648","ASK_parent"
"649",NA
"650","Neuroblast_ASG_AWA"
"651",NA
"652","ASE_parent"
"653","Neuroblast_AFD_RMD"
"654",NA
"655",NA
"656","Neuroblast_AFD_RMD"
"657",NA
"658",NA
"659","ASJ"
"660","Neuroblast_ASE_ASJ_AUA"
"661",NA
"662",NA
"663","ASE_parent"
"664","Neuroblast_ADF_AWB"
"665","Neuroblast_ADF_AWB"
"666","ADL_parent"
"667","Neuroblast_ASE_ASJ_AUA"
"668","ASI_parent"
"669","ADL_parent"
"670","ADL_parent"
"671","ADL"
"672",NA
"673",NA
"674","ADL"
"675","ASE_parent"
"676","ASK_parent"
"677",NA
"678","Neuroblast_ASE_ASJ_AUA"
"679","ASE_parent"
"680",NA
"681",NA
"682","Neuroblast_AFD_RMD"
"683",NA
"684","Neuroblast_ASJ_AUA"
"685",NA
"686",NA
"687","AFD"
"688",NA
"689","ADL_parent"
"690","ADF_AWB"
"691","ASE"
"692","ASH"
"693","ASI_parent"
"694",NA
"695",NA
"696",NA
"697",NA
"698",NA
"699",NA
"700",NA
"701","Neuroblast_ASE_ASJ_AUA"
"702","Neuroblast_ADF_AWB"
"703",NA
"704","ADL_parent"
"705",NA
"706","ADL"
"707","Neuroblast_ASG_AWA"
"708","AWC"
"709",NA
"710","ASI_parent"
"711","ADL"
"712","AFD"
"713","ASI_parent"
"714","Neuroblast_ADF_AWB"
"715","Neuroblast_AFD_RMD"
"716",NA
"717","ASK_parent"
"718","ADL_parent"
"719",NA
"720",NA
"721","ASE_parent"
"722",NA
"723","ASI_parent"
"724","ADL_parent"
"725",NA
"726","ADL_parent"
"727",NA
"728",NA
"729","ADL_parent"
"730","AFD"
"731","AFD"
"732",NA
"733",NA
"734","ASE"
"735","ASK_parent"
"736",NA
"737",NA
"738","Neuroblast_ASE_ASJ_AUA"
"739","ADL"
"740",NA
"741",NA
"742",NA
"743","Neuroblast_ASG_AWA"
"744","Neuroblast_ADF_AWB"
"745","ASH"
"746",NA
"747","Neuroblast_ASG_AWA"
"748","Neuroblast_ASE_ASJ_AUA"
"749","Neuroblast_ASE_ASJ_AUA"
"750","Neuroblast_ASJ_AUA"
"751","ASE_parent"
"752","Neuroblast_ASE_ASJ_AUA"
"753",NA
"754",NA
"755",NA
"756","ADL"
"757",NA
"758","Neuroblast_ADF_AWB"
"759",NA
"760",NA
"761",NA
"762","Neuroblast_ASE_ASJ_AUA"
"763","ADL"
"764",NA
"765",NA
"766",NA
"767","Neuroblast_ADF_AWB"
"768",NA
"769","Neuroblast_ADF_AWB"
"770",NA
"771","ADF"
"772","Neuroblast_AFD_RMD"
"773","ASG_AWA"
"774","ASE_parent"
"775",NA
"776",NA
"777","ADL"
"778","ADL_parent"
"779",NA
"780","Neuroblast_ADF_AWB"
"781",NA
"782",NA
"783",NA
"784",NA
"785","Neuroblast_ASJ_AUA"
"786","Neuroblast_ASE_ASJ_AUA"
"787","ADL_parent"
"788",NA
"789",NA
"790","Neuroblast_AFD_RMD"
"791","ASE_parent"
"792","Neuroblast_ASG_AWA"
"793",NA
"794",NA
"795","ADL_parent"
"796",NA
"797","ADL_parent"
"798","Neuroblast_ASG_AWA"
"799","ADL_parent"
"800","ASH"
"801","ADL"
"802","ASE"
"803","ASK_parent"
"804","Neuroblast_AFD_RMD"
"805",NA
"806",NA
"807",NA
"808",NA
"809","ADL_parent"
"810","ADL_parent"
"811",NA
"812",NA
"813",NA
"814","ASE"
"815","AFD"
"816",NA
"817",NA
"818",NA
"819","ADF_AWB"
"820","ASK_parent"
"821",NA
"822",NA
"823","Neuroblast_ASG_AWA"
"824","Neuroblast_AFD_RMD"
"825",NA
"826",NA
"827","Neuroblast_ASE_ASJ_AUA"
"828","Neuroblast_AFD_RMD"
"829","Neuroblast_ASJ_AUA"
"830","ADL_parent"
"831",NA
"832",NA
"833","Neuroblast_ADF_AWB"
"834","Neuroblast_ASG_AWA"
"835","ADL_parent"
"836","Neuroblast_AFD_RMD"
"837","AWA"
"838","ADL_parent"
"839",NA
"840",NA
"841","Neuroblast_ASG_AWA"
"842",NA
"843","ADL_parent"
"844",NA
"845","Neuroblast_ADF_AWB"
"846","ASG_AWA"
"847","Neuroblast_ASG_AWA"
"848",NA
"849",NA
"850","Neuroblast_ASG_AWA"
"851","Neuroblast_ADF_AWB"
"852",NA
"853",NA
"854","Neuroblast_ASE_ASJ_AUA"
"855","ASI_parent"
"856","ASH"
"857","Neuroblast_ASE_ASJ_AUA"
"858","ASH"
"859","ADF_AWB"
"860","AFD"
"861",NA
"862","Neuroblast_ASG_AWA"
"863","ASG_AWA"
"864","AWC"
"865",NA
"866","ADL_parent"
"867",NA
"868","ADL_parent"
"869","AFD"
"870","ASE"
"871",NA
"872","ASE_parent"
"873","Neuroblast_ADF_AWB"
"874","ADL"
"875",NA
"876","ASI_parent"
"877","ASH"
"878","ADL"
"879",NA
"880",NA
"881",NA
"882",NA
"883","ASE_parent"
"884","Neuroblast_ASG_AWA"
"885","ASH"
"886","ASI_parent"
"887","ASH"
"888","ASI"
"889","ADL_parent"
"890",NA
"891","ASK_parent"
"892","AWA"
"893","AWB"
"894","ASI_parent"
"895","Neuroblast_ADF_AWB"
"896","ASH"
"897",NA
"898","ASJ"
"899",NA
"900","Neuroblast_ADF_AWB"
"901","AFD"
"902","Neuroblast_ASJ_AUA"
"903","ADL"
"904","ASG"
"905","Neuroblast_ASG_AWA"
"906",NA
"907","AWA"
"908","AWC"
"909",NA
"910",NA
"911","AFD"
"912","ADL_parent"
"913","AWB"
"914","ASG_AWA"
"915",NA
"916","Neuroblast_ADF_AWB"
"917","ASH"
"918",NA
"919",NA
"920","ASI_parent"
"921","Neuroblast_ADF_AWB"
"922","ASJ"
"923","ASG_AWA"
"924","Neuroblast_ADF_AWB"
"925","ADF_AWB"
"926","ASG_AWA"
"927","ADL_parent"
"928","AFD"
"929","AFD"
"930","ASH"
"931","AWB"
"932","ASE_parent"
"933","ASK_parent"
"934","Neuroblast_ADF_AWB"
"935","AFD"
"936",NA
"937","AFD"
"938","ASG_AWA"
"939","Neuroblast_ASJ_AUA"
"940","AFD"
"941","ADL"
"942",NA
"943","ASK_parent"
"944",NA
"945","ASH"
"946",NA
"947","ASE_parent"
"948","ADL_parent"
"949","ASE_parent"
"950",NA
"951",NA
"952",NA
"953","ASG_AWA"
"954","AFD"
"955","Neuroblast_ASE_ASJ_AUA"
"956","ASJ"
"957",NA
"958","ADL"
"959","ADL"
"960",NA
"961","ASE_parent"
"962","ASI"
"963","Neuroblast_ADF_AWB"
"964",NA
"965","AWC"
"966","Neuroblast_ASG_AWA"
"967",NA
"968","ASH"
"969","Neuroblast_ADF_AWB"
"970","AWA"
"971","ASG_AWA"
"972",NA
"973","AWC"
"974","AWC"
"975",NA
"976",NA
"977","ASH"
"978","AWC"
"979","Neuroblast_ASG_AWA"
"980",NA
"981","ASG_AWA"
"982","AWC"
"983","ASE"
"984","ASH"
"985","Neuroblast_ASE_ASJ_AUA"
"986","ASJ"
"987","ASE"
"988","AWC"
"989","ASE_parent"
"990","ADL"
"991","ADL"
"992",NA
"993",NA
"994",NA
"995","ASE"
"996","Neuroblast_ASJ_AUA"
"997","AWC"
"998",NA
"999","AWB"
"1000","Neuroblast_ADF_AWB"
"1001",NA
"1002","AWA"
"1003",NA
"1004","ASE_parent"
"1005",NA
"1006","ASH"
"1007","ASG_AWA"
"1008","AWA"
"1009",NA
"1010","AWA"
"1011","ASE_parent"
"1012","AFD"
"1013","AWC"
"1014","ASH"
"1015","AFD"
"1016","ASG_AWA"
"1017","ASG"
"1018","ASG"
"1019","AWC"
"1020","ASK"
"1021","AWC"
"1022","AFD"
"1023",NA
"1024","ASK_parent"
"1025","Neuroblast_AFD_RMD"
"1026","ASI"
"1027","ASH"
"1028",NA
"1029",NA
"1030","Neuroblast_AFD_RMD"
"1031",NA
"1032","ADF_AWB"
"1033","ASK_parent"
"1034","ASJ"
"1035","ADF_AWB"
"1036",NA
"1037","ASE"
"1038","Neuroblast_ASG_AWA"
"1039",NA
"1040","ASH"
"1041",NA
"1042","Neuroblast_ADF_AWB"
"1043","AWC"
"1044","ASG_AWA"
"1045","ASH"
"1046","Neuroblast_ADF_AWB"
"1047",NA
"1048","Neuroblast_ASG_AWA"
"1049","AWA"
"1050","ASH"
"1051","ADL_parent"
"1052","ADL_parent"
"1053",NA
"1054",NA
"1055",NA
"1056",NA
"1057","ASE_parent"
"1058",NA
"1059","ASH"
"1060","ASE_parent"
"1061","ASG_AWA"
"1062","ADL"
"1063",NA
"1064","Neuroblast_ASE_ASJ_AUA"
"1065",NA
"1066","ADL"
"1067",NA
"1068","ADL_parent"
"1069",NA
"1070","ASH"
"1071","ADL"
"1072","Neuroblast_ASE_ASJ_AUA"
"1073","Neuroblast_ASG_AWA"
"1074","ASK_parent"
"1075","ASG"
"1076","Neuroblast_ASE_ASJ_AUA"
"1077","AWC"
"1078",NA
"1079","ADF_AWB"
"1080","ASG"
"1081","Neuroblast_AFD_RMD"
"1082",NA
"1083","ASJ"
"1084","AFD"
"1085","ASE"
"1086","ASG"
"1087","ASG_AWA"
"1088","ASK_parent"
"1089","Neuroblast_ASJ_AUA"
"1090","ASE_parent"
"1091","AWB"
"1092","AFD"
"1093",NA
"1094","Neuroblast_ASJ_AUA"
"1095","ASI_parent"
"1096","ASH"
"1097",NA
"1098","ASK_parent"
"1099","ASI_parent"
"1100","AWC"
"1101","Neuroblast_ASJ_AUA"
"1102",NA
"1103","ASH"
"1104","ASK_parent"
"1105","ASG_AWA"
"1106","AWC"
"1107","ASE_parent"
"1108","AWC"
"1109","ASE_parent"
"1110","ASE"
"1111","ASE"
"1112","ADF_AWB"
"1113",NA
"1114","ASI_parent"
"1115","ASG_AWA"
"1116","ADF_AWB"
"1117",NA
"1118","ASK"
"1119","Neuroblast_ASJ_AUA"
"1120",NA
"1121","Neuroblast_ASJ_AUA"
"1122","ASI_parent"
"1123","ASJ"
"1124","ASG"
"1125","ADL_parent"
"1126","Neuroblast_ASG_AWA"
"1127",NA
"1128",NA
"1129","ADF_AWB"
"1130",NA
"1131","ASH"
"1132","Neuroblast_ASE_ASJ_AUA"
"1133","ASE"
"1134","ASI_parent"
"1135","ASJ"
"1136","ADF_AWB"
"1137",NA
"1138","ADL"
"1139",NA
"1140","Neuroblast_ADF_AWB"
"1141",NA
"1142","AWC"
"1143","ASK"
"1144","ASI"
"1145","ASE"
"1146",NA
"1147","AWC"
"1148","ASK_parent"
"1149",NA
"1150","ASG_AWA"
"1151","AFD"
"1152","Neuroblast_AFD_RMD"
"1153",NA
"1154","ASG"
"1155","Neuroblast_ASG_AWA"
"1156",NA
"1157","AWC"
"1158","ADL_parent"
"1159",NA
"1160","ASE_parent"
"1161","AFD"
"1162","Neuroblast_ASE_ASJ_AUA"
"1163","ASG"
"1164",NA
"1165",NA
"1166","ASH"
"1167","ADL"
"1168","AWC"
"1169","AWA"
"1170","AFD"
"1171","Neuroblast_ASJ_AUA"
"1172",NA
"1173",NA
"1174",NA
"1175","AWB"
"1176","Neuroblast_AFD_RMD"
"1177","ADL"
"1178","ASI"
"1179","ASJ"
"1180","AUA"
"1181","ASE"
"1182","AFD"
"1183","Neuroblast_ADF_AWB"
"1184","ADL_parent"
"1185","ASI_parent"
"1186",NA
"1187","AFD"
"1188",NA
"1189",NA
"1190","ASH"
"1191",NA
"1192","Neuroblast_ADF_AWB"
"1193","AWC"
"1194","ASI_parent"
"1195","Neuroblast_ASE_ASJ_AUA"
"1196","AWC"
"1197","AUA"
"1198","AFD"
"1199","Neuroblast_AFD_RMD"
"1200",NA
"1201","ADL"
"1202","ASI_parent"
"1203",NA
"1204","AFD"
"1205","ASE_parent"
"1206","ASE_parent"
"1207","ASE_parent"
"1208","ADL"
"1209","Neuroblast_ASG_AWA"
"1210",NA
"1211",NA
"1212","ADL_parent"
"1213","ASK_parent"
"1214","AFD"
"1215","Neuroblast_ADF_AWB"
"1216","ADF_AWB"
"1217",NA
"1218","Neuroblast_ASJ_AUA"
"1219","AFD"
"1220","ADL"
"1221","ASJ"
"1222","AWA"
"1223","ASI"
"1224","ASI_parent"
"1225",NA
"1226","ASI_parent"
"1227","AWC"
"1228","ADL"
"1229",NA
"1230","Neuroblast_ASE_ASJ_AUA"
"1231",NA
"1232","ASG_AWA"
"1233","ASJ"
"1234","Neuroblast_ASG_AWA"
"1235","ASG"
"1236",NA
"1237","ASH"
"1238","ADL_parent"
"1239","ASH"
"1240","AFD"
"1241","ASI_parent"
"1242","AFD"
"1243","ASE_parent"
"1244",NA
"1245","ASK_parent"
"1246","ASI_parent"
"1247","Neuroblast_ADF_AWB"
"1248",NA
"1249","ADL_parent"
"1250","Neuroblast_ASJ_AUA"
"1251",NA
"1252",NA
"1253","ASE_parent"
"1254","ASG_AWA"
"1255","ASK_parent"
"1256","ADF_AWB"
"1257","Neuroblast_AFD_RMD"
"1258","Neuroblast_ASG_AWA"
"1259",NA
"1260","ASG"
"1261","ADF_AWB"
"1262","AWB"
"1263","Neuroblast_ASG_AWA"
"1264","ASE_parent"
"1265","ASK_parent"
"1266","Neuroblast_ASG_AWA"
"1267","AFD"
"1268","ASH"
"1269","ASE"
"1270",NA
"1271","Neuroblast_ADF_AWB"
"1272","AWC"
"1273",NA
"1274","Neuroblast_ASE_ASJ_AUA"
"1275","ADF"
"1276","Neuroblast_ADF_AWB"
"1277","Neuroblast_ASE_ASJ_AUA"
"1278","ASH"
"1279","Neuroblast_ADF_AWB"
"1280","ADF"
"1281","ASH"
"1282","ADF"
"1283","Neuroblast_ASG_AWA"
"1284","Neuroblast_ADF_AWB"
"1285","ASG_AWA"
"1286","Neuroblast_ADF_AWB"
"1287","Neuroblast_AFD_RMD"
"1288","AUA"
"1289","ASE_parent"
"1290","ASE_parent"
"1291","ASI_parent"
"1292","ASE"
"1293","Neuroblast_AFD_RMD"
"1294",NA
"1295",NA
"1296","ADL"
"1297","Neuroblast_ADF_AWB"
"1298","ADL"
"1299","ASK"
"1300","AUA"
"1301",NA
"1302",NA
"1303","Neuroblast_ASE_ASJ_AUA"
"1304","ASH"
"1305","Neuroblast_AFD_RMD"
"1306","Neuroblast_AFD_RMD"
"1307","AFD"
"1308","AFD"
"1309","ASI_parent"
"1310","ASJ"
"1311","ASE_parent"
"1312","ASH"
"1313","ASE_parent"
"1314","AWB"
"1315","Neuroblast_AFD_RMD"
"1316","AFD"
"1317","ADF"
"1318","Neuroblast_ASJ_AUA"
"1319",NA
"1320","Neuroblast_ADF_AWB"
"1321",NA
"1322","AFD"
"1323","ASG_AWA"
"1324","AWC"
"1325","ASJ"
"1326","Neuroblast_ASJ_AUA"
"1327","ASJ"
"1328","Neuroblast_ASG_AWA"
"1329","ASG_AWA"
"1330",NA
"1331","ASER"
"1332","AWC"
"1333","ADL"
"1334","ADL_parent"
"1335","ASH"
"1336",NA
"1337","Neuroblast_AFD_RMD"
"1338","ADL"
"1339","AWC"
"1340","ASI_parent"
"1341","ADF_AWB"
"1342","ASH"
"1343","ASK"
"1344",NA
"1345","ASH"
"1346","ADL"
"1347","ASI_parent"
"1348","ASJ"
"1349","ASK_parent"
"1350","ADF_AWB"
"1351","ASH"
"1352","ASK_parent"
"1353",NA
"1354","Neuroblast_AFD_RMD"
"1355","Neuroblast_ASE_ASJ_AUA"
"1356","Neuroblast_ASJ_AUA"
"1357","ASI_parent"
"1358",NA
"1359","ASI"
"1360","ASI_parent"
"1361","Neuroblast_ASE_ASJ_AUA"
"1362",NA
"1363","ADL"
"1364",NA
"1365","ASH"
"1366","AFD"
"1367",NA
"1368","ADF"
"1369",NA
"1370",NA
"1371","Neuroblast_ADF_AWB"
"1372","Neuroblast_ASE_ASJ_AUA"
"1373","ADL"
"1374",NA
"1375","ADL"
"1376",NA
"1377","Neuroblast_ASJ_AUA"
"1378","ASJ"
"1379","Neuroblast_ADF_AWB"
"1380",NA
"1381","ASH"
"1382","AWC"
"1383",NA
"1384",NA
"1385","AWB"
"1386",NA
"1387","Neuroblast_ASJ_AUA"
"1388","ASE_parent"
"1389",NA
"1390","ASH"
"1391","ASG"
"1392",NA
"1393",NA
"1394","ASK_parent"
"1395","ADF_AWB"
"1396",NA
"1397","AWC"
"1398","ADL_parent"
"1399",NA
"1400",NA
"1401",NA
"1402","AFD"
"1403","Neuroblast_ASG_AWA"
"1404",NA
"1405","Neuroblast_ASE_ASJ_AUA"
"1406","ADF"
"1407","Neuroblast_ADF_AWB"
"1408","ASE_parent"
"1409","ADL_parent"
"1410","Neuroblast_ASJ_AUA"
"1411","ADL"
"1412","ASE"
"1413",NA
"1414",NA
"1415","AUA"
"1416","ASH"
"1417",NA
"1418","Neuroblast_ASG_AWA"
"1419","ASI_parent"
"1420","ASK"
"1421",NA
"1422","Neuroblast_AFD_RMD"
"1423","ASI_parent"
"1424","Neuroblast_ADF_AWB"
"1425","Neuroblast_AFD_RMD"
"1426","Neuroblast_AFD_RMD"
"1427","ADL"
"1428","ASK_parent"
"1429",NA
"1430","ASK_parent"
"1431","Neuroblast_ADF_AWB"
"1432","ASH"
"1433","ASI_parent"
"1434","AFD"
"1435","Neuroblast_ASG_AWA"
"1436","Neuroblast_ASE_ASJ_AUA"
"1437","Neuroblast_ADF_AWB"
"1438","ASH"
"1439","AFD"
"1440",NA
"1441","ASE"
"1442",NA
"1443","ASK_parent"
"1444",NA
"1445","AWA"
"1446",NA
"1447","AFD"
"1448",NA
"1449",NA
"1450","ADL"
"1451","ASG_AWA"
"1452","ASE_parent"
"1453","ASH"
"1454",NA
"1455","AFD"
"1456","AWC"
"1457",NA
"1458","ASE"
"1459",NA
"1460","AWA"
"1461","Neuroblast_ASG_AWA"
"1462","ASE"
"1463","ASI_parent"
"1464","ASI_parent"
"1465","Neuroblast_ADF_AWB"
"1466","Neuroblast_AFD_RMD"
"1467","Neuroblast_AFD_RMD"
"1468","ASJ"
"1469",NA
"1470",NA
"1471","Neuroblast_ASE_ASJ_AUA"
"1472",NA
"1473","ADF"
"1474","Neuroblast_AFD_RMD"
"1475","Neuroblast_AFD_RMD"
"1476","ADL_parent"
"1477","Neuroblast_ADF_AWB"
"1478","AFD"
"1479",NA
"1480","AFD"
"1481",NA
"1482",NA
"1483",NA
"1484","ASH"
"1485","AWA"
"1486","ADF"
"1487","ASE_parent"
"1488",NA
"1489","Neuroblast_ASJ_AUA"
"1490",NA
"1491","ASE_parent"
"1492","ASK"
"1493","AFD"
"1494","Neuroblast_AFD_RMD"
"1495","ASK_parent"
"1496","ASJ"
"1497","Neuroblast_ASG_AWA"
"1498","ASH"
"1499","ASI_parent"
"1500","Neuroblast_AFD_RMD"
"1501",NA
"1502",NA
"1503","Neuroblast_ADF_AWB"
"1504","ASJ"
"1505",NA
"1506","AWC"
"1507",NA
"1508","ASE"
"1509","AWB"
"1510","ADL"
"1511","ASI_parent"
"1512","ASJ"
"1513","ASJ"
"1514","ASE"
"1515","ASI_parent"
"1516","ASJ"
"1517","ASG"
"1518","Neuroblast_AFD_RMD"
"1519","ADL_parent"
"1520","ASE"
"1521",NA
"1522","ASE_parent"
"1523",NA
"1524","ASE_parent"
"1525",NA
"1526","ASJ"
"1527","AWA"
"1528","ASI_parent"
"1529","ASE"
"1530","ADL_parent"
"1531",NA
"1532","Neuroblast_ASJ_AUA"
"1533","ASJ"
"1534","Neuroblast_ADF_AWB"
"1535","ADL"
"1536",NA
"1537","Neuroblast_ASG_AWA"
"1538","Neuroblast_ADF_AWB"
"1539",NA
"1540","ASI_parent"
"1541","ASH"
"1542","ASI"
"1543",NA
"1544","ASI_parent"
"1545","ADF_AWB"
"1546","ADF_AWB"
"1547","Neuroblast_ASE_ASJ_AUA"
"1548","ADL"
"1549","ASG_AWA"
"1550",NA
"1551","Neuroblast_ASJ_AUA"
"1552","Neuroblast_ASJ_AUA"
"1553","AWC"
"1554","ADF"
"1555","ASJ"
"1556","ASE"
"1557","ADF_AWB"
"1558","ASI_parent"
"1559",NA
"1560","ASE"
"1561","ASG_AWA"
"1562",NA
"1563","ASK_parent"
"1564",NA
"1565",NA
"1566","ADL_parent"
"1567","ASH"
"1568",NA
"1569","ASH"
"1570","Neuroblast_ADF_AWB"
"1571","Neuroblast_ADF_AWB"
"1572","ASH"
"1573","ASH"
"1574","ASE"
"1575","ASJ"
"1576","Neuroblast_AFD_RMD"
"1577","Neuroblast_ASJ_AUA"
"1578","ASI_parent"
"1579","ASH"
"1580","AWC"
"1581",NA
"1582",NA
"1583","AWC"
"1584","ASI"
"1585","ADF"
"1586","AFD"
"1587","ASJ"
"1588","ADL_parent"
"1589","ADL"
"1590","Neuroblast_ADF_AWB"
"1591","AFD"
"1592","Neuroblast_AFD_RMD"
"1593",NA
"1594",NA
"1595",NA
"1596","ASK_parent"
"1597","Neuroblast_ASJ_AUA"
"1598",NA
"1599",NA
"1600","ASH"
"1601","ADF"
"1602","AFD"
"1603","Neuroblast_ASE_ASJ_AUA"
"1604","Neuroblast_ASG_AWA"
"1605","ASG_AWA"
"1606",NA
"1607","ASI_parent"
"1608","ASE_parent"
"1609","Neuroblast_ASG_AWA"
"1610","ADL"
"1611",NA
"1612","ASJ"
"1613",NA
"1614","AFD"
"1615","ADF"
"1616",NA
"1617","AFD"
"1618","ADF_AWB"
"1619",NA
"1620","Neuroblast_ADF_AWB"
"1621","AWC"
"1622",NA
"1623","AWA"
"1624","AWC"
"1625","ASG_AWA"
"1626","AFD"
"1627","ADL"
"1628",NA
"1629","ADL"
"1630","ADF_AWB"
"1631","AWC"
"1632","AWB"
"1633",NA
"1634",NA
"1635",NA
"1636","AFD"
"1637",NA
"1638","ADF_AWB"
"1639","Neuroblast_ADF_AWB"
"1640","ASK"
"1641","AWC"
"1642",NA
"1643",NA
"1644","AWC"
"1645","ASE_parent"
"1646",NA
"1647",NA
"1648","ADL"
"1649","AWB"
"1650",NA
"1651","ASK_parent"
"1652",NA
"1653",NA
"1654",NA
"1655","ADL"
"1656",NA
"1657","Neuroblast_AFD_RMD"
"1658","ASJ"
"1659","ASH"
"1660","ASE_parent"
"1661","Neuroblast_ASE_ASJ_AUA"
"1662","ADL_parent"
"1663","ASE_parent"
"1664","AFD"
"1665","ASH"
"1666",NA
"1667","ADF_AWB"
"1668","AFD"
"1669","AFD"
"1670","ADF_AWB"
"1671","ADF_AWB"
"1672","ASE_parent"
"1673","ASI_parent"
"1674","ADF"
"1675","AFD"
"1676",NA
"1677","ADF_AWB"
"1678","ADL"
"1679","AWB"
"1680","ADL"
"1681",NA
"1682","AFD"
"1683","AWC"
"1684","ASK"
"1685","AWB"
"1686","ASK_parent"
"1687",NA
"1688","ADF_AWB"
"1689","AUA"
"1690","Neuroblast_ASJ_AUA"
"1691",NA
"1692","ASI_parent"
"1693","Neuroblast_ASE_ASJ_AUA"
"1694","AFD"
"1695","ASH"
"1696","ASK_parent"
"1697","Neuroblast_ADF_AWB"
"1698",NA
"1699","AUA"
"1700","ASH"
"1701","AWB"
"1702",NA
"1703","ADL_parent"
"1704","ASK_parent"
"1705","AFD"
"1706","AFD"
"1707",NA
"1708","AWC"
"1709","Neuroblast_AFD_RMD"
"1710","AFD"
"1711","Neuroblast_ADF_AWB"
"1712","AWC"
"1713","ASK_parent"
"1714","ADF_AWB"
"1715","ASE"
"1716",NA
"1717","ASE_parent"
"1718","ASG"
"1719",NA
"1720","ASI_parent"
"1721","AWC"
"1722","ASI_parent"
"1723","ASJ"
"1724",NA
"1725","ASJ"
"1726","AUA"
"1727","ASE"
"1728","ADL_parent"
"1729",NA
"1730","Neuroblast_AFD_RMD"
"1731","AWC"
"1732","ASI_parent"
"1733","ASE"
"1734","ADL"
"1735","Neuroblast_ASE_ASJ_AUA"
"1736","AWC"
"1737","Neuroblast_ASJ_AUA"
"1738","ADF_AWB"
"1739","ADF_AWB"
"1740",NA
"1741","AWC"
"1742","ASE_parent"
"1743",NA
"1744","ADL_parent"
"1745",NA
"1746","ADL"
"1747",NA
"1748","ASI"
"1749","Neuroblast_ADF_AWB"
"1750","ADL_parent"
"1751",NA
"1752","ASK_parent"
"1753",NA
"1754","Neuroblast_ADF_AWB"
"1755","AWA"
"1756","ASI_parent"
"1757",NA
"1758",NA
"1759","AFD"
"1760","ASH"
"1761","ASK_parent"
"1762","ADL_parent"
"1763","AWC"
"1764","AWC"
"1765","ASG_AWA"
"1766","ASK_parent"
"1767","ASG_AWA"
"1768","Neuroblast_AFD_RMD"
"1769",NA
"1770","ADL"
"1771","ASI_parent"
"1772","ASK"
"1773","AWA"
"1774","Neuroblast_ASG_AWA"
"1775","Neuroblast_ASG_AWA"
"1776","AFD"
"1777","ASI_parent"
"1778","ADL_parent"
"1779","ADL_parent"
"1780","ASJ"
"1781",NA
"1782","ADF_AWB"
"1783",NA
"1784",NA
"1785",NA
"1786","ASG_AWA"
"1787","AWC"
"1788","Neuroblast_ADF_AWB"
"1789","ASH"
"1790","AWA"
"1791","ASG"
"1792","Neuroblast_ADF_AWB"
"1793","Neuroblast_ASG_AWA"
"1794","ASJ"
"1795","AUA"
"1796",NA
"1797","ASE"
"1798","AUA"
"1799","ASJ"
"1800","ADL"
"1801",NA
"1802","ASH"
"1803",NA
"1804","ASJ"
"1805","AWC"
"1806","AFD"
"1807","ADL_parent"
"1808","AFD"
"1809","ADL"
"1810","AWA"
"1811","ASG"
"1812","ASH"
"1813","ASJ"
"1814","AWC"
"1815","ADL"
"1816",NA
"1817","ADL"
"1818","AUA"
"1819","AFD"
"1820",NA
"1821",NA
"1822","ASH"
"1823","Neuroblast_AFD_RMD"
"1824",NA
"1825","Neuroblast_ADF_AWB"
"1826","ADL"
"1827","ASH"
"1828","AWC"
"1829","ASK_parent"
"1830",NA
"1831",NA
"1832",NA
"1833","Neuroblast_ADF_AWB"
"1834","AWC"
"1835","Neuroblast_ADF_AWB"
"1836","ADF_AWB"
"1837","ASK_parent"
"1838",NA
"1839","ASG_AWA"
"1840","ASE"
"1841","AUA"
"1842",NA
"1843","ADL_parent"
"1844",NA
"1845","ADL"
"1846","ASE"
"1847","Neuroblast_ASG_AWA"
"1848","Neuroblast_ASJ_AUA"
"1849","Neuroblast_ASE_ASJ_AUA"
"1850","ASI_parent"
"1851","ASK_parent"
"1852","ADF"
"1853","Neuroblast_AFD_RMD"
"1854","ADF"
"1855","Neuroblast_ASE_ASJ_AUA"
"1856","ASI"
"1857","ASE"
"1858",NA
"1859","AWC"
"1860","ASK_parent"
"1861",NA
"1862","AFD"
"1863","ASG_AWA"
"1864",NA
"1865","Neuroblast_ASE_ASJ_AUA"
"1866","Neuroblast_ASE_ASJ_AUA"
"1867",NA
"1868","ASE_parent"
"1869","ASE_parent"
"1870","ASK_parent"
"1871","ASJ"
"1872","ASJ"
"1873","Neuroblast_ASJ_AUA"
"1874","ADF_AWB"
"1875","Neuroblast_ASG_AWA"
"1876","ADL_parent"
"1877","ASK"
"1878","ADL"
"1879","ASH"
"1880","ASK"
"1881","ASE_parent"
"1882","ASK"
"1883","Neuroblast_ASJ_AUA"
"1884","AFD"
"1885","Neuroblast_ASG_AWA"
"1886","Neuroblast_ASJ_AUA"
"1887",NA
"1888",NA
"1889","ADL_parent"
"1890",NA
"1891","AWC"
"1892","ASE_parent"
"1893","ASE_parent"
"1894","Neuroblast_ASG_AWA"
"1895","AFD"
"1896","ADL"
"1897","ASJ"
"1898","Neuroblast_ASG_AWA"
"1899","ASI_parent"
"1900","Neuroblast_ASJ_AUA"
"1901","Neuroblast_ADF_AWB"
"1902",NA
"1903","AUA"
"1904",NA
"1905","ADL"
"1906","ADL_parent"
"1907","ASI_parent"
"1908","ASH"
"1909","Neuroblast_ADF_AWB"
"1910",NA
"1911","ASE"
"1912","ASI_parent"
"1913","AWC"
"1914","ADL"
"1915","Neuroblast_ADF_AWB"
"1916","ASE_parent"
"1917",NA
"1918",NA
"1919","Neuroblast_ASG_AWA"
"1920","AWA"
"1921","Neuroblast_ASJ_AUA"
"1922",NA
"1923","Neuroblast_ASG_AWA"
"1924","ASI_parent"
"1925",NA
"1926",NA
"1927","AFD"
"1928","ASI_parent"
"1929",NA
"1930","AWC"
"1931",NA
"1932",NA
"1933","ADL"
"1934","ADF"
"1935","ADF"
"1936","ADF"
"1937","AFD"
"1938","ASE"
"1939",NA
"1940",NA
"1941","ASK_parent"
"1942","AUA"
"1943","ASK"
"1944","Neuroblast_AFD_RMD"
"1945",NA
"1946","AWA"
"1947","ADL_parent"
"1948","AWA"
"1949","ASH"
"1950","ADF_AWB"
"1951",NA
"1952","Neuroblast_AFD_RMD"
"1953","ADL"
"1954","Neuroblast_ADF_AWB"
"1955",NA
"1956",NA
"1957","AFD"
"1958",NA
"1959","AWC"
"1960","ADL_parent"
"1961",NA
"1962","Neuroblast_AFD_RMD"
"1963","Neuroblast_ASJ_AUA"
"1964","ASI_parent"
"1965","ADF_AWB"
"1966","ASH"
"1967",NA
"1968","ASG"
"1969","ASH"
"1970","ASE"
"1971","AUA"
"1972","ASE_parent"
"1973","ASG_AWA"
"1974","ASI_parent"
"1975","Neuroblast_ASJ_AUA"
"1976","ASH"
"1977","ASE_parent"
"1978",NA
"1979","ADL_parent"
"1980",NA
"1981",NA
"1982","ASE"
"1983","ASE_parent"
"1984","AWB"
"1985","ASG"
"1986","Neuroblast_ASJ_AUA"
"1987",NA
"1988","ADF_AWB"
"1989","Neuroblast_ASG_AWA"
"1990","Neuroblast_ASG_AWA"
"1991","AWA"
"1992","ASJ"
"1993","Neuroblast_ASJ_AUA"
"1994","ADL"
"1995","Neuroblast_ASJ_AUA"
"1996",NA
"1997","ADL_parent"
"1998","Neuroblast_ASJ_AUA"
"1999","ADL"
"2000","AFD"
"2001","AUA"
"2002","ASH"
"2003","AFD"
"2004","AFD"
"2005","ASI_parent"
"2006","ASI_parent"
"2007","ASI"
"2008",NA
"2009","ASE_parent"
"2010","Neuroblast_ASJ_AUA"
"2011",NA
"2012",NA
"2013","Neuroblast_ASG_AWA"
"2014",NA
"2015","ASK"
"2016","ADL"
"2017",NA
"2018","AWA"
"2019","AUA"
"2020","AWC"
"2021","ASH"
"2022","ADL"
"2023","Neuroblast_AFD_RMD"
"2024","ASI_parent"
"2025","Neuroblast_ADF_AWB"
"2026","ASE_parent"
"2027","AFD"
"2028",NA
"2029",NA
"2030","AFD"
"2031","ADL_parent"
"2032","Neuroblast_ADF_AWB"
"2033","AFD"
"2034","ASH"
"2035","ASG"
"2036","AWA"
"2037","ASI_parent"
"2038","ASG_AWA"
"2039","ADL_parent"
"2040","Neuroblast_ASJ_AUA"
"2041","Neuroblast_ASG_AWA"
"2042",NA
"2043","Neuroblast_AFD_RMD"
"2044","ASK_parent"
"2045","AWC"
"2046",NA
"2047","Neuroblast_AFD_RMD"
"2048","AWC"
"2049","ADL"
"2050","Neuroblast_ASG_AWA"
"2051",NA
"2052","ADL"
"2053","ASE_parent"
"2054","ASE"
"2055","ASE"
"2056","AWC"
"2057","ASH"
"2058","Neuroblast_AFD_RMD"
"2059","AWB"
"2060","AWA"
"2061","AWB"
"2062","ASH"
"2063","ASE"
"2064",NA
"2065","ASH"
"2066","ASE"
"2067","Neuroblast_ASJ_AUA"
"2068",NA
"2069","ASE_parent"
"2070","AFD"
"2071","AFD"
"2072","Neuroblast_ASG_AWA"
"2073","ADL_parent"
"2074",NA
"2075","ADL"
"2076","Neuroblast_ADF_AWB"
"2077","ASJ"
"2078","ASK"
"2079",NA
"2080","ADF"
"2081",NA
"2082",NA
"2083",NA
"2084",NA
"2085","ADL_parent"
"2086","ASJ"
"2087","Neuroblast_ASG_AWA"
"2088",NA
"2089","ASI_parent"
"2090","AWB"
"2091","ASH"
"2092",NA
"2093","AWB"
"2094","Neuroblast_ASG_AWA"
"2095","AWB"
"2096","ASE_parent"
"2097","ASK_parent"
"2098","AWC"
"2099",NA
"2100","Neuroblast_ADF_AWB"
"2101","ASH"
"2102",NA
"2103","Neuroblast_ADF_AWB"
"2104",NA
"2105","AFD"
"2106","ASJ"
"2107","Neuroblast_ASG_AWA"
"2108",NA
"2109","AWA"
"2110",NA
"2111","AWA"
"2112","Neuroblast_ASE_ASJ_AUA"
"2113","ADL"
"2114","AWA"
"2115","Neuroblast_ADF_AWB"
"2116","Neuroblast_ASJ_AUA"
"2117","Neuroblast_ASE_ASJ_AUA"
"2118","AWA"
"2119","Neuroblast_ADF_AWB"
"2120","AFD"
"2121",NA
"2122","ASJ"
"2123","Neuroblast_ASG_AWA"
"2124","ADF_AWB"
"2125","ASK_parent"
"2126","Neuroblast_ASG_AWA"
"2127","ASE"
"2128","ADF_AWB"
"2129","ASJ"
"2130","ADF"
"2131","ASG"
"2132","ADL"
"2133",NA
"2134","ASJ"
"2135","ADL_parent"
"2136","Neuroblast_ADF_AWB"
"2137",NA
"2138","AWC"
"2139","ASJ"
"2140","ADL_parent"
"2141","ASH"
"2142","ADL"
"2143",NA
"2144","AFD"
"2145","AWA"
"2146","ASJ"
"2147","Neuroblast_ADF_AWB"
"2148","ADF_AWB"
"2149","ASJ"
"2150","ADL_parent"
"2151","ASJ"
"2152","Neuroblast_ASE_ASJ_AUA"
"2153","ADL_parent"
"2154","Neuroblast_ADF_AWB"
"2155","ASH"
"2156","ASE"
"2157","Neuroblast_ADF_AWB"
"2158","Neuroblast_AFD_RMD"
"2159","ADL"
"2160","Neuroblast_ASG_AWA"
"2161","ADL_parent"
"2162",NA
"2163",NA
"2164","AFD"
"2165","ASK_parent"
"2166","Neuroblast_ASJ_AUA"
"2167",NA
"2168","ASE"
"2169","ASK"
"2170","ASI_parent"
"2171","Neuroblast_ASG_AWA"
"2172","Neuroblast_ASJ_AUA"
"2173",NA
"2174","ASE"
"2175","ASH"
"2176","ASE"
"2177",NA
"2178","ASJ"
"2179","ADF"
"2180","ASE_parent"
"2181","AWC"
"2182",NA
"2183","Neuroblast_ASJ_AUA"
"2184","ASI"
"2185","ASE_parent"
"2186","ADF_AWB"
"2187","AFD"
"2188","ASK"
"2189",NA
"2190","ASI_parent"
"2191",NA
"2192","ASK_parent"
"2193","ADF"
"2194","Neuroblast_AFD_RMD"
"2195",NA
"2196","Neuroblast_ASJ_AUA"
"2197","ADF_AWB"
"2198",NA
"2199",NA
"2200","ADL"
"2201",NA
"2202","AWA"
"2203","Neuroblast_ADF_AWB"
"2204",NA
"2205","ADL_parent"
"2206","ASE_parent"
"2207","AFD"
"2208","AUA"
"2209",NA
"2210","ADF_AWB"
"2211","Neuroblast_ADF_AWB"
"2212","Neuroblast_ADF_AWB"
"2213","AWC"
"2214","ADL"
"2215",NA
"2216","ADL"
"2217",NA
"2218","AFD"
"2219","Neuroblast_ASE_ASJ_AUA"
"2220",NA
"2221","ADL"
"2222","Neuroblast_ASG_AWA"
"2223",NA
"2224",NA
"2225","ASK_parent"
"2226",NA
"2227","Neuroblast_ASE_ASJ_AUA"
"2228","ADL"
"2229","Neuroblast_ADF_AWB"
"2230","ASI"
"2231","ASE_parent"
"2232","Neuroblast_ADF_AWB"
"2233",NA
"2234","ADL_parent"
"2235","ADL"
"2236",NA
"2237","Neuroblast_ASJ_AUA"
"2238","ADL"
"2239",NA
"2240",NA
"2241",NA
"2242","AWA"
"2243",NA
"2244","ASE_parent"
"2245","Neuroblast_ASJ_AUA"
"2246","ASE_parent"
"2247",NA
"2248",NA
"2249",NA
"2250","ASI_parent"
"2251","ASI_parent"
"2252","Neuroblast_ASG_AWA"
"2253","AWC"
"2254",NA
"2255","ASH"
"2256",NA
"2257","ASG_AWA"
"2258","AWB"
"2259","ADL_parent"
"2260","ADF"
"2261","Neuroblast_ASG_AWA"
"2262","ASJ"
"2263",NA
"2264","ASH"
"2265","ASE_parent"
"2266",NA
"2267",NA
"2268","AUA"
"2269","ASK_parent"
"2270","ADF"
"2271","Neuroblast_ASJ_AUA"
"2272","ADL"
"2273","Neuroblast_ASG_AWA"
"2274","ADL"
"2275","ADL_parent"
"2276","ADL"
"2277","ASK_parent"
"2278","Neuroblast_ASG_AWA"
"2279","ADL"
"2280","AWA"
"2281","ASK_parent"
"2282",NA
"2283","ASG"
"2284","AFD"
"2285",NA
"2286","ASJ"
"2287","ADL"
"2288","ADL"
"2289","ADF_AWB"
"2290","AWB"
"2291","AWC"
"2292","Neuroblast_ASE_ASJ_AUA"
"2293","Neuroblast_AFD_RMD"
"2294","ASI_parent"
"2295",NA
"2296","ASK"
"2297","Neuroblast_ASE_ASJ_AUA"
"2298","Neuroblast_ASG_AWA"
"2299","AWC"
"2300","AFD"
"2301","Neuroblast_ASG_AWA"
"2302","ASJ"
"2303","AWC"
"2304","ASK_parent"
"2305","ASK"
"2306","ASK"
"2307","ASJ"
"2308",NA
"2309",NA
"2310","ADF_AWB"
"2311",NA
"2312","Neuroblast_ASG_AWA"
"2313","ASK_parent"
"2314","ASK_parent"
"2315","Neuroblast_ADF_AWB"
"2316","ASI_parent"
"2317",NA
"2318","ADF"
"2319","ADL"
"2320","ASK_parent"
"2321","ASH"
"2322","ADF_AWB"
"2323","ASE_parent"
"2324","AWC"
"2325","Neuroblast_AFD_RMD"
"2326","ASI_parent"
"2327","ASK_parent"
"2328","Neuroblast_ADF_AWB"
"2329","AFD"
"2330",NA
"2331","Neuroblast_ASJ_AUA"
"2332","Neuroblast_ASE_ASJ_AUA"
"2333","ASK"
"2334","AWC"
"2335","AWA"
"2336","ASH"
"2337","ASI_parent"
"2338",NA
"2339","ASK_parent"
"2340",NA
"2341","Neuroblast_ADF_AWB"
"2342","ASI_parent"
"2343",NA
"2344","AFD"
"2345","ASK_parent"
"2346","ADL"
"2347",NA
"2348","ASE"
"2349",NA
"2350","Neuroblast_ASE_ASJ_AUA"
"2351","AFD"
"2352","ADF_AWB"
"2353","Neuroblast_ASG_AWA"
"2354","ADL"
"2355","ASH"
"2356","ADL"
"2357",NA
"2358","ADL"
"2359","ASK"
"2360","Neuroblast_ASG_AWA"
"2361","ADL"
"2362","Neuroblast_ASG_AWA"
"2363",NA
"2364",NA
"2365",NA
"2366","ASH"
"2367",NA
"2368",NA
"2369","ASJ"
"2370","ASG_AWA"
"2371","Neuroblast_AFD_RMD"
"2372","ASG_AWA"
"2373",NA
"2374","Neuroblast_ADF_AWB"
"2375","Neuroblast_AFD_RMD"
"2376",NA
"2377","ASK_parent"
"2378",NA
"2379","Neuroblast_ASJ_AUA"
"2380","ADL_parent"
"2381","ASJ"
"2382","ASI_parent"
"2383","ASI_parent"
"2384","ADL"
"2385","ASH"
"2386","ADF"
"2387",NA
"2388","AWC"
"2389","Neuroblast_ADF_AWB"
"2390","Neuroblast_AFD_RMD"
"2391",NA
"2392",NA
"2393","Neuroblast_ASE_ASJ_AUA"
"2394","AWB"
"2395",NA
"2396","Neuroblast_AFD_RMD"
"2397","ADL"
"2398","ASE_parent"
"2399","AFD"
"2400",NA
"2401","ASK_parent"
"2402","Neuroblast_AFD_RMD"
"2403","ASG"
"2404","ASE_parent"
"2405","ASJ"
"2406","ASK_parent"
"2407","ASE"
"2408","ADL_parent"
"2409",NA
"2410","Neuroblast_ASG_AWA"
"2411",NA
"2412",NA
"2413","ASE"
"2414","ASK_parent"
"2415","AWA"
"2416","AWC"
"2417","AUA"
"2418",NA
"2419","ASG_AWA"
"2420","ADL_parent"
"2421",NA
"2422",NA
"2423","ASI"
"2424",NA
"2425",NA
"2426","Neuroblast_ASE_ASJ_AUA"
"2427",NA
"2428","ASJ"
"2429","ASH"
"2430","AFD"
"2431","ADL"
"2432","ASH"
"2433","ASE_parent"
"2434","AWB"
"2435",NA
"2436","ASE_parent"
"2437","ADL"
"2438",NA
"2439",NA
"2440",NA
"2441","ASE_parent"
"2442","Neuroblast_ASJ_AUA"
"2443","AWA"
"2444","ADL_parent"
"2445","ASH"
"2446",NA
"2447","ASE_parent"
"2448","ASK_parent"
"2449","ASK_parent"
"2450",NA
"2451","ASK"
"2452",NA
"2453","AFD"
"2454","AWC"
"2455","Neuroblast_ASG_AWA"
"2456","ASI"
"2457","ADL_parent"
"2458","ADL_parent"
"2459","Neuroblast_ASJ_AUA"
"2460",NA
"2461",NA
"2462","Neuroblast_AFD_RMD"
"2463","ADL"
"2464","Neuroblast_AFD_RMD"
"2465",NA
"2466","ASI_parent"
"2467","ASI_parent"
"2468","Neuroblast_ASJ_AUA"
"2469","ASJ"
"2470","ASH"
"2471","ASH"
"2472","AWB"
"2473",NA
"2474","ASJ"
"2475",NA
"2476","ASK"
"2477","ADL"
"2478","ADL"
"2479","Neuroblast_AFD_RMD"
"2480",NA
"2481","ADL"
"2482","Neuroblast_ADF_AWB"
"2483",NA
"2484","Neuroblast_ADF_AWB"
"2485","ADF_AWB"
"2486","ASK_parent"
"2487","AWA"
"2488",NA
"2489","Neuroblast_ADF_AWB"
"2490","AWC"
"2491",NA
"2492","Neuroblast_ASG_AWA"
"2493","AWB"
"2494","ADF"
"2495",NA
"2496","ASE_parent"
"2497","ASH"
"2498","ASH"
"2499","ASI"
"2500","ASI_parent"
"2501","ASG_AWA"
"2502","ASK_parent"
"2503","ADL_parent"
"2504",NA
"2505","ADF"
"2506","Neuroblast_ASJ_AUA"
"2507",NA
"2508",NA
"2509",NA
"2510","ADF_AWB"
"2511","ASI_parent"
"2512","Neuroblast_ASG_AWA"
"2513","Neuroblast_ASJ_AUA"
"2514","ASG_AWA"
"2515","ASI_parent"
"2516","Neuroblast_ADF_AWB"
"2517","ASI_parent"
"2518","ADF_AWB"
"2519",NA
"2520",NA
"2521",NA
"2522","Neuroblast_ADF_AWB"
"2523","Neuroblast_ASJ_AUA"
"2524","AFD"
"2525",NA
"2526","ASI"
"2527",NA
"2528","ASI_parent"
"2529","Neuroblast_ASJ_AUA"
"2530","ASJ"
"2531","Neuroblast_AFD_RMD"
"2532",NA
"2533","ASJ"
"2534",NA
"2535","ADL"
"2536","ASE_parent"
"2537",NA
"2538","ASG"
"2539","ASE"
"2540","ADL_parent"
"2541",NA
"2542","AWA"
"2543","ASE_parent"
"2544",NA
"2545","ADL_parent"
"2546",NA
"2547","ASK"
"2548","ADL"
"2549","ASJ"
"2550","Neuroblast_ASG_AWA"
"2551","ADF_AWB"
"2552","ADF_AWB"
"2553",NA
"2554",NA
"2555","ADF"
"2556","ASE_parent"
"2557","Neuroblast_ASG_AWA"
"2558","Neuroblast_ASG_AWA"
"2559","Neuroblast_ASE_ASJ_AUA"
"2560",NA
"2561",NA
"2562","AWC"
"2563","ASJ"
"2564","ADF_AWB"
"2565",NA
"2566","Neuroblast_ASE_ASJ_AUA"
"2567","ASG_AWA"
"2568",NA
"2569","ADL"
"2570","Neuroblast_AFD_RMD"
"2571","ADL"
"2572","ASK_parent"
"2573","ASK_parent"
"2574","Neuroblast_ASG_AWA"
"2575","ADL"
"2576",NA
"2577","ADF_AWB"
"2578",NA
"2579",NA
"2580","AWC"
"2581","Neuroblast_ASG_AWA"
"2582","Neuroblast_ASJ_AUA"
"2583","Neuroblast_AFD_RMD"
"2584",NA
"2585","ADL"
"2586","AFD"
"2587","AFD"
"2588",NA
"2589","ASE_parent"
"2590","ASJ"
"2591","ASJ"
"2592","Neuroblast_ASJ_AUA"
"2593","ADL_parent"
"2594",NA
"2595","AFD"
"2596",NA
"2597","AWB"
"2598",NA
"2599",NA
"2600","ASK_parent"
"2601","AWC"
"2602","ADL"
"2603","ASK"
"2604","Neuroblast_ASE_ASJ_AUA"
"2605","AWC"
"2606","ASK_parent"
"2607","ASI_parent"
"2608","ASE"
"2609",NA
"2610","ASE_parent"
"2611","Neuroblast_ASG_AWA"
"2612","ADL"
"2613","AUA"
"2614","ASJ"
"2615",NA
"2616","ADF"
"2617","ADL"
"2618","ASK_parent"
"2619","ADL"
"2620","ASE"
"2621","AFD"
"2622","Neuroblast_ADF_AWB"
"2623","AWB"
"2624","ASE"
"2625","ASE_parent"
"2626","AWA"
"2627","ASE"
"2628","ASG"
"2629","ASI_parent"
"2630","ASG_AWA"
"2631",NA
"2632","Neuroblast_ASJ_AUA"
"2633","AWC"
"2634",NA
"2635","ASE_parent"
"2636","Neuroblast_ASJ_AUA"
"2637","ASH"
"2638","ASK"
"2639",NA
"2640","ASJ"
"2641","AWB"
"2642","ASI_parent"
"2643","ASE_parent"
"2644","ASI_parent"
"2645","ADL"
"2646",NA
"2647",NA
"2648","ASK_parent"
"2649","ASI"
"2650",NA
"2651","Neuroblast_ASJ_AUA"
"2652","ASH"
"2653","AFD"
"2654","ASH"
"2655",NA
"2656","Neuroblast_ASJ_AUA"
"2657","ADL"
"2658",NA
"2659","ASE"
"2660",NA
"2661","ADL_parent"
"2662",NA
"2663",NA
"2664","ASI_parent"
"2665","AUA"
"2666","ASH"
"2667","ADL_parent"
"2668","ADL"
"2669",NA
"2670","Neuroblast_ADF_AWB"
"2671","ASI_parent"
"2672","ASK_parent"
"2673",NA
"2674",NA
"2675",NA
"2676",NA
"2677","ASE"
"2678","Neuroblast_ASJ_AUA"
"2679","ASJ"
"2680","Neuroblast_ASJ_AUA"
"2681","AFD"
"2682",NA
"2683","ASH"
"2684","Neuroblast_ADF_AWB"
"2685","ASJ"
"2686","ADL"
"2687","ADL_parent"
"2688",NA
"2689","Neuroblast_ASE_ASJ_AUA"
"2690","AWA"
"2691",NA
"2692","AWC"
"2693","Neuroblast_ASJ_AUA"
"2694","ASJ"
"2695","Neuroblast_ASJ_AUA"
"2696","ASE"
"2697","ASH"
"2698",NA
"2699","Neuroblast_ASJ_AUA"
"2700","Neuroblast_ASG_AWA"
"2701","Neuroblast_ADF_AWB"
"2702",NA
"2703",NA
"2704","AFD"
"2705",NA
"2706",NA
"2707","ASK"
"2708","ASG"
"2709","AFD"
"2710","AWA"
"2711","ASK_parent"
"2712","ASJ"
"2713","ADF"
"2714","ASI"
"2715","AWC"
"2716","AFD"
"2717","ASH"
"2718","AWA"
"2719","ASI"
"2720","AWB"
"2721","ADL"
"2722","ASJ"
"2723","ASH"
"2724","AWB"
"2725","AFD"
"2726","AUA"
"2727","ASK"
"2728","ASK_parent"
"2729","ADL"
"2730","AFD"
"2731","AWA"
"2732","AWC"
"2733",NA
"2734","ASK_parent"
"2735","AWC"
"2736","Neuroblast_ASG_AWA"
"2737","ASH"
"2738","AWB"
"2739","ADL"
"2740","ADF_AWB"
"2741","AFD"
"2742","ASG"
"2743","ASK"
"2744","AWC"
"2745","ADL"
"2746","ADL"
"2747","ASI"
"2748","ASK_parent"
"2749","ASI_parent"
"2750","ADF"
"2751","AUA"
"2752",NA
"2753","ASG"
"2754","ADF"
"2755","AWC"
"2756","ASE"
"2757","ASK_parent"
"2758","ASK_parent"
"2759","AWB"
"2760","ASE"
"2761","AWB"
"2762","ASG"
"2763","ADF"
"2764","ADF"
"2765","ASG"
"2766","ASE"
"2767","ASE"
"2768","AFD"
"2769","AWB"
"2770","ASJ"
"2771","AWB"
"2772","ASE"
"2773","AFD"
"2774","ASK_parent"
"2775","ASK"
"2776","ADL"
"2777","AWC"
"2778","AUA"
"2779","ASE_parent"
"2780","ASK"
"2781","ASE"
"2782","ASEL"
"2783","ADF_AWB"
"2784","AWA"
"2785","ADL"
"2786","AUA"
"2787","ADF"
"2788","AUA"
"2789","ASK"
"2790","ASI"
"2791","ADL"
"2792","Neuroblast_ASJ_AUA"
"2793","AWC"
"2794","AWB"
"2795","ADF_AWB"
"2796","ASH"
"2797","ADF"
"2798","ASI_parent"
"2799","AWC"
"2800","AFD"
"2801","ADL"
"2802","ASH"
"2803","ASEL"
"2804","ASE"
"2805","AFD"
"2806","AWC"
"2807","ASK"
"2808","ASER"
"2809","ASK_parent"
"2810","ASK"
"2811","AUA"
"2812","ASG"
"2813","ASI_parent"
"2814","AWC"
"2815","AWA"
"2816","ADL"
"2817","ASI_parent"
"2818","ASG"
"2819","AWB"
"2820","ADL"
"2821","AWB"
"2822","AUA"
"2823","ASJ"
"2824","AWB"
"2825","AUA"
"2826","AWA"
"2827","ADF"
"2828","ASH"
"2829","AFD"
"2830","AUA"
"2831","AWB"
"2832","ASJ"
"2833","ASH"
"2834","AWB"
"2835","ASK"
"2836","ASG_AWA"
"2837","ASH"
"2838","ASJ"
"2839","ASJ"
"2840","ASE"
"2841","ASG"
"2842","ASK"
"2843","AWC"
"2844","AWA"
"2845","ADF_AWB"
"2846","AFD"
"2847","ADL"
"2848","ASI"
"2849","ASJ"
"2850","ASG_AWA"
"2851","ASK"
"2852","AFD"
"2853","ASE"
"2854","ADF_AWB"
"2855","ASI"
"2856",NA
"2857","AWA"
"2858","AFD"
"2859","AFD"
"2860","AFD"
"2861",NA
"2862","ASJ"
"2863","ADL"
"2864","AFD"
"2865","ASG"
"2866","AFD"
"2867","ASK"
"2868","AUA"
"2869","ASH"
"2870","ASI_parent"
"2871","AWB"
"2872","ASE"
"2873","ASI"
"2874","ASH"
"2875",NA
"2876","AUA"
"2877","AWA"
"2878","ADF"
"2879","ADL"
"2880","ADF"
"2881","AWC"
"2882","AUA"
"2883","AWC"
"2884","AUA"
"2885","ASH"
"2886","AUA"
"2887","ADL"
"2888","ASG_AWA"
"2889","ASH"
"2890","ASK"
"2891","AWA"
"2892","ASI"
"2893","AFD"
"2894","ASK_parent"
"2895","AWB"
"2896","ADF"
"2897","AUA"
"2898","ASG"
"2899","AFD"
"2900","ADF"
"2901","AWC"
"2902","AWA"
"2903","ASE"
"2904","ASG"
"2905","ASER"
"2906","ADL"
"2907","AFD"
"2908","ASK"
"2909","AFD"
"2910","AWC"
"2911","ADF"
"2912","ASG_AWA"
"2913","ASI_parent"
"2914","ADF"
"2915","ADF"
"2916","ASE"
"2917","ASJ"
"2918","ASE"
"2919","AWA"
"2920","ASI_parent"
"2921","AWC"
"2922","AWB"
"2923","ASI_parent"
"2924","ASE"
"2925","ADL"
"2926","ASJ"
"2927","ADF"
"2928","AWB"
"2929","ASG_AWA"
"2930","ASE_parent"
"2931","AWC"
"2932","AWC"
"2933","ASI"
"2934","ASI"
"2935","ASJ"
"2936","ASE"
"2937","AFD"
"2938","ASE"
"2939","ASH"
"2940","AUA"
"2941","ASI"
"2942","ASJ"
"2943","AFD"
"2944","AWC"
"2945","AWC"
"2946","ASJ"
"2947","ASEL"
"2948","ASH"
"2949","ADL"
"2950","AWB"
"2951","AWC"
"2952","ASER"
"2953","ASG"
"2954","ASJ"
"2955","ADF_AWB"
"2956","ASJ"
"2957","ASH"
"2958","ADF_AWB"
"2959","AFD"
"2960","ASH"
"2961","ASH"
"2962","AWC"
"2963","ASJ"
"2964","ADL"
"2965","AFD"
"2966","ADF_AWB"
"2967","ASE"
"2968","AWB"
"2969","ASE"
"2970","ASE_parent"
"2971","AWA"
"2972","ASG"
"2973","ADF"
"2974","ASH"
"2975","AFD"
"2976","ASG"
"2977","ADF"
"2978","ASG_AWA"
"2979","ASK"
"2980","Neuroblast_ASG_AWA"
"2981","ASER"
"2982","AWA"
"2983","ADF"
"2984","ASJ"
"2985","AFD"
"2986","ASJ"
"2987","ASK"
"2988","ADF"
"2989","ASK"
"2990","ASK"
"2991","ASK_parent"
"2992","AWC"
"2993","ASG_AWA"
"2994","ASI"
"2995","AWA"
"2996","ADF"
"2997","ASH"
"2998","AWB"
"2999","ASE"
"3000","AFD"
"3001","AWB"
"3002","ADF"
"3003","AUA"
"3004","ASH"
"3005","AWB"
"3006","ASJ"
"3007","AWC"
"3008","ASE"
"3009","ADL"
"3010","AWB"
"3011","ASE"
"3012","ASE"
"3013","ADL"
"3014","ASK_parent"
"3015","ASG"
"3016","ASE_parent"
"3017","ASI"
"3018","ASI_parent"
"3019","ASE"
"3020","ADL"
"3021","ASI"
"3022","ASG_AWA"
"3023","AWA"
"3024","AWB"
"3025","ASH"
"3026","ASI"
"3027","ASI"
"3028","ASK"
"3029","ASI"
"3030","AWB"
"3031","ADF_AWB"
"3032","AFD"
"3033","ASG"
"3034","ASJ"
"3035","ASE"
"3036","ADL"
"3037","ADL"
"3038","AWB"
"3039","ASH"
"3040","AWA"
"3041","ASK"
"3042","ADF"
"3043","ASJ"
"3044","ADF_AWB"
"3045","AWA"
"3046","ADL"
"3047","ASK_parent"
"3048",NA
"3049","ADF_AWB"
"3050","ADL"
"3051","ASH"
"3052","ASG"
"3053","AWB"
"3054","ASH"
"3055","ADL"
"3056","ASJ"
"3057","ASH"
"3058","ASK"
"3059","ASK_parent"
"3060","ASE"
"3061","AWC"
"3062","ASH"
"3063","ADF"
"3064","ADL"
"3065","AWB"
"3066","ASG"
"3067","AWA"
"3068","ASG"
"3069","ASI_parent"
"3070","ADF"
"3071","ASE"
"3072","ASI_parent"
"3073","AFD"
"3074","AWC"
"3075","AWA"
"3076","AFD"
"3077","ASG"
"3078","ADF"
"3079","AWA"
"3080","ASI_parent"
"3081","AWC"
"3082","AWB"
"3083","ASG_AWA"
"3084","AWC"
"3085","ASEL"
"3086","ASJ"
"3087","ASE"
"3088","AWC"
"3089","AWC"
"3090","ADF"
"3091","ASI_parent"
"3092","ASJ"
"3093","ADL"
"3094","ASI"
"3095","AFD"
"3096","ASE"
"3097","ADL"
"3098","ASI"
"3099","ASER"
"3100","AUA"
"3101","ASE"
"3102","ADL"
"3103","ASG"
"3104","AWC"
"3105","ADF"
"3106","ASI"
"3107","ADF"
"3108","ADF"
"3109","ADL"
"3110","ASJ"
"3111","AWA"
"3112","ASE"
"3113","AWC"
"3114","ASK"
"3115",NA
"3116","ASE"
"3117","AUA"
"3118","AFD"
"3119","ASH"
"3120","ASI_parent"
"3121","AWC"
"3122","ADF"
"3123","AWB"
"3124","ADF"
"3125","ADL"
"3126","AWC"
"3127","AUA"
"3128","ADL"
"3129","ASH"
"3130","ASK_parent"
"3131","ASK"
"3132","AWB"
"3133","AFD"
"3134","AWB"
"3135","ASER"
"3136","AWA"
"3137","ASH"
"3138","ASK_parent"
"3139","AWB"
"3140","ADF"
"3141","ADF_AWB"
"3142","ASE_parent"
"3143","ASK"
"3144","ADL"
"3145","ADL"
"3146","ASE"
"3147","ASJ"
"3148","ADF"
"3149","AWC"
"3150","ASH"
"3151","ASK_parent"
"3152","ASJ"
"3153","ASEL"
"3154","ASI"
"3155","AFD"
"3156","AWC"
"3157","ASK"
"3158","ASJ"
"3159","AWA"
"3160","AFD"
"3161","ASE"
"3162","ASJ"
"3163","ASJ"
"3164","AWC"
"3165","AWB"
"3166","AWA"
"3167","ASE"
"3168","ASK"
"3169",NA
"3170","ASK_parent"
"3171","ASEL"
"3172","ASG_AWA"
"3173","ASG"
"3174","ADL"
"3175","ASI"
"3176","ADF"
"3177","ASJ"
"3178","AWC"
"3179","ADL"
"3180","AWA"
"3181","ASE"
"3182","ASI_parent"
"3183","ASK"
"3184","AWC"
"3185","ASH"
"3186","ASE_parent"
"3187",NA
"3188","ASK_parent"
"3189","ADL"
"3190","Neuroblast_ADF_AWB"
"3191","ASK"
"3192","ASER"
"3193","ADF"
"3194","ADF_AWB"
"3195","ASE"
"3196","ASE"
"3197","ADF_AWB"
"3198","AWB"
"3199","AUA"
"3200","AWB"
"3201","AWC"
"3202","AFD"
"3203","ADL"
"3204","ASH"
"3205","AUA"
"3206","ASG"
"3207","ASK"
"3208","ASJ"
"3209","AWA"
"3210","AWB"
"3211","ASK"
"3212","ASI"
"3213","ADF"
"3214","AWC"
"3215","AFD"
"3216","AWC"
"3217","ADL"
"3218","ASG"
"3219","AWB"
"3220","ASK_parent"
"3221","ASG"
"3222","ADF"
"3223","AWB"
"3224","ASE"
"3225",NA
"3226","ADF"
"3227","ASH"
"3228","ASG"
"3229","ADF"
"3230","AFD"
"3231","AFD"
"3232","AFD"
"3233","AWA"
"3234","AFD"
"3235","AFD"
"3236","ADL"
"3237","ASH"
"3238","AWC"
"3239","AUA"
"3240","AWC"
"3241","AFD"
"3242","AWC"
"3243","ASK"
"3244","AWB"
"3245",NA
"3246","ADF"
"3247","ADL"
"3248","ASK"
"3249","ASH"
"3250","ASH"
"3251","ASE"
"3252","ASJ"
"3253","AWB"
"3254","AFD"
"3255","ADL"
"3256","AFD"
"3257","ASG_AWA"
"3258","AWA"
"3259","ASG_AWA"
"3260","AWC"
"3261","AWC"
"3262","ADF"
"3263","ASK"
"3264","AUA"
"3265","ASK"
"3266","AUA"
"3267","AFD"
"3268","ADL"
"3269","ASK_parent"
"3270","ASG"
"3271","ASK"
"3272","AWA"
"3273","ASJ"
"3274","ADF"
"3275","AWB"
"3276","ASI"
"3277","ADL"
"3278","AUA"
"3279","ASI"
"3280","ADL"
"3281","AWB"
"3282","AFD"
"3283","ADL"
"3284","ASG_AWA"
"3285","ASE"
"3286","ASE"
"3287","ADF"
"3288","ADL"
"3289","AUA"
"3290","AFD"
"3291","ASH"
"3292","ASK_parent"
"3293",NA
"3294","ASK"
"3295","AFD"
"3296","AWC"
"3297","ADL"
"3298","AWB"
"3299",NA
"3300","ADF"
"3301","ASK_parent"
"3302","ASG"
"3303","ASE"
"3304","ADL"
"3305","ADF"
"3306","AWA"
"3307","ASI"
"3308","Neuroblast_ASE_ASJ_AUA"
"3309","Neuroblast_ASJ_AUA"
"3310","ASG_AWA"
"3311","AFD"
"3312","ADF"
"3313","ASG"
"3314","ADL"
"3315","AWB"
"3316","AUA"
"3317","AWA"
"3318","ADL"
"3319","ASE"
"3320","ASJ"
"3321","ADF_AWB"
"3322","ASK"
"3323","ASE"
"3324","ASJ"
"3325","AWA"
"3326","ASJ"
"3327","AWA"
"3328","ADF"
"3329","ASK"
"3330","ASG_AWA"
"3331","ASE"
"3332","AUA"
"3333","AWB"
"3334","ASG"
"3335","ASH"
"3336","ASE"
"3337","ASH"
"3338","ADL"
"3339",NA
"3340","AWC"
"3341","AWB"
"3342","ADF"
"3343","ASG"
"3344","ASH"
"3345","AFD"
"3346","AWA"
"3347","ASI_parent"
"3348","AWB"
"3349","AUA"
"3350","ADL"
"3351","ASI"
"3352","AFD"
"3353","ASI_parent"
"3354","ASK"
"3355","ASK_parent"
"3356","ADL"
"3357","AWB"
"3358","AWC"
"3359","ASG_AWA"
"3360","ADL_parent"
"3361","ASK"
"3362","ADF"
"3363","AWB"
"3364","AWC"
"3365","ADL"
"3366","AWA"
"3367","AWC"
"3368","ASE"
"3369","ASG"
"3370","ASJ"
"3371","AWB"
"3372","ASK"
"3373","ASG"
"3374","AFD"
"3375","AWA"
"3376","ASI_parent"
"3377","ASJ"
"3378","AWC"
"3379","ADL"
"3380","ADF_AWB"
"3381","ASK"
"3382","ASG"
"3383","ASER"
"3384","ASK"
"3385","ADL"
"3386","ASG_AWA"
"3387","ADF_AWB"
"3388","ASG"
"3389","AFD"
"3390","ASI"
"3391","ASE"
"3392","ASK"
"3393","AWA"
"3394","ASI_parent"
"3395","ASK_parent"
"3396","AUA"
"3397","ASI_parent"
"3398","AWA"
"3399","ASE"
"3400","ASH"
"3401","ASH"
"3402","ADL"
"3403","ASH"
"3404","ADF"
"3405","ASI"
"3406","ASK"
"3407","ASK"
"3408","AFD"
"3409","AWB"
"3410","ASH"
"3411","ASI"
"3412","AFD"
"3413","ASJ"
"3414","AWC"
"3415","AFD"
"3416","AWA"
"3417","ASE"
"3418","AWB"
"3419","ASI"
"3420",NA
"3421","ASE"
"3422","ASJ"
"3423","ASI_parent"
"3424","AWB"
"3425","ASK"
"3426","ASJ"
"3427","AWB"
"3428","ASE"
"3429","ASH"
"3430","ASI"
"3431","ASEL"
"3432","AWB"
"3433","AFD"
"3434","ASG"
"3435","AWC"
"3436","ASG"
"3437","ASH"
"3438","ASG_AWA"
"3439","AWA"
"3440","ADL"
"3441","ADF"
"3442","AWB"
"3443","ASG"
"3444","ASK"
"3445",NA
"3446","AWC"
"3447","ASEL"
"3448","AWC"
"3449","ASE"
"3450","ASG"
"3451","ASK"
"3452","ASJ"
"3453","ADF_AWB"
"3454","AWA"
"3455","ASG"
"3456","AWA"
"3457","ASG"
"3458","AWC"
"3459","ADF"
"3460","AWA"
"3461","ASK"
"3462","AWA"
"3463","Neuroblast_ASJ_AUA"
"3464","ASE_parent"
"3465","ASJ"
"3466","AWA"
"3467","AFD"
"3468","ASK"
"3469","AWC"
"3470","ADL"
"3471","AWB"
"3472","AWA"
"3473","ADF_AWB"
"3474","ASG"
"3475","ASH"
"3476","ADL"
"3477","ADL"
"3478","AWA"
"3479","ASI"
"3480","ASI_parent"
"3481","ASK"
"3482","AWA"
"3483","ASE"
"3484",NA
"3485","ADF"
"3486","ASJ"
"3487","ADL"
"3488","ASJ"
"3489","ASE"
"3490","AWC"
"3491","ASH"
"3492","ASEL"
"3493","ASE"
"3494","ASJ"
"3495","ASI_parent"
"3496",NA
"3497","ASK"
"3498","AWA"
"3499","ASI"
"3500","AFD"
"3501","AWA"
"3502","ADF"
"3503","ADF"
"3504","ASH"
"3505","ASJ"
"3506","ADF_AWB"
"3507","ASG"
"3508","ASK"
"3509","ADF"
"3510","ASI_parent"
"3511","ADF"
"3512","AWC"
"3513","AUA"
"3514","ADL"
"3515","AWC"
"3516","ASH"
"3517","AUA"
"3518","ASG"
"3519","ASG_AWA"
"3520","ASK"
"3521",NA
"3522","ASJ"
"3523","ASE"
"3524","ASI_parent"
"3525","ASG"
"3526","AWB"
"3527","ADF"
"3528","ASI_parent"
"3529","AWA"
"3530","AWC"
"3531","AFD"
"3532","ASI"
"3533","ASJ"
"3534","ADF_AWB"
"3535","AWA"
"3536","ASG"
"3537","AWC"
"3538","ADF_AWB"
"3539","AWB"
"3540","ADL"
"3541","AWC"
"3542","ASH"
"3543","ASK"
"3544","AWA"
"3545","AWA"
"3546","ASJ"
"3547","AUA"
"3548","ASH"
"3549","ASK"
"3550","ADF"
"3551","ADF"
"3552","AWC"
"3553","AWC"
"3554","ASK_parent"
"3555","AWB"
"3556","ASI"
"3557","ASG"
"3558","ASG"
"3559","ADL"
"3560","AWA"
"3561","ADF"
"3562","AWC"
"3563","AWB"
"3564","ASH"
"3565","AFD"
"3566","ASK"
"3567","ASH"
"3568","AWC"
"3569","ASJ"
"3570","AWB"
"3571","AWB"
"3572","AWC"
"3573","ASK"
"3574","ASG"
"3575","AUA"
"3576","ASE"
"3577","ASK"
"3578","ASI"
"3579","AWB"
"3580","AUA"
"3581","AWC"
"3582","AWC"
"3583","AUA"
"3584","AWA"
"3585","ASJ"
"3586","AWC"
"3587","ASE"
"3588","AWC"
"3589","AFD"
"3590","AUA"
"3591","ADL"
"3592","ASJ"
"3593","ADL"
"3594","ADL"
"3595","ADF"
"3596","AWB"
"3597","ASK"
"3598","AWB"
"3599","ASJ"
"3600","ASK"
"3601","ADL"
"3602","ASG"
"3603","ASG"
"3604","AWC"
"3605","ASI_parent"
"3606","ADF"
"3607","ADL"
"3608","AFD"
"3609","ASG_AWA"
"3610","ASH"
"3611","ASH"
"3612","ASI"
"3613","ASK"
"3614","ASJ"
"3615","AWA"
"3616","ASJ"
"3617","ADL"
"3618","ADL"
"3619","AWC"
"3620","ASE"
"3621","ASK"
"3622","ASJ"
"3623","ADF"
"3624","ASJ"
"3625","ASE"
"3626","AWB"
"3627","ADF"
"3628","ASK"
"3629","ASE"
"3630","AWC"
"3631","AWC"
"3632","ASI"
"3633","AWC"
"3634","AWB"
"3635","ASI_parent"
"3636","ADF_AWB"
"3637","AWA"
"3638","AWC"
"3639","ASG_AWA"
"3640","ADF"
"3641","AWA"
"3642",NA
"3643","ASH"
"3644","ADL"
"3645","ASJ"
"3646","ASJ"
"3647","ASE"
"3648","AWA"
"3649","ASI"
"3650","ASJ"
"3651","ASI_parent"
"3652","AWA"
"3653","ASK_parent"
"3654","AFD"
"3655","ASK"
"3656","AWB"
"3657","ADL"
"3658","ADF"
"3659","ASH"
"3660","ADF"
"3661","ASE"
"3662","ASE"
"3663","ASG_AWA"
"3664","ASI"
"3665","ADL"
"3666","ASK_parent"
"3667","ASH"
"3668","ASG_AWA"
"3669","ASI"
"3670","ASI"
"3671","ADL"
"3672","AWB"
"3673","ASJ"
"3674","ADL"
"3675","ADF"
"3676","ASH"
"3677","ADL"
"3678","ASER"
"3679","ADL"
"3680","AWB"
"3681","ASH"
"3682","ADL"
"3683","ADF"
"3684","AWC"
"3685","AFD"
"3686","ASK"
"3687","ASJ"
"3688","ASI"
"3689","ASG"
"3690","ASJ"
"3691","ASER"
"3692","ASER"
"3693","AWB"
"3694","ASH"
"3695","AWC"
"3696","ASH"
"3697","ASER"
"3698","ASEL"
"3699","AWA"
"3700","ASJ"
"3701","ASER"
"3702","ASJ"
"3703","ADF"
"3704","ASER"
"3705","ASE"
"3706","ASH"
"3707","ASJ"
"3708","ADL"
"3709","AFD"
"3710","ASJ"
"3711","ADF"
"3712",NA
"3713","AFD"
"3714","ASI"
"3715","ASE"
"3716","ASJ"
"3717","AFD"
"3718","ASH"
"3719","AWC"
"3720","ADL"
"3721","ASJ"
"3722","AWA"
"3723","ASJ"
"3724","ASE"
"3725","ADL"
"3726","ASK"
"3727","ADF"
"3728","ASJ"
"3729","ADF"
"3730","ADL"
"3731","AWB"
"3732","AWA"
"3733","ADF"
"3734","ADL"
"3735","ASH"
"3736","Neuroblast_ASG_AWA"
"3737","ASG"
"3738","ASJ"
"3739","ASER"
"3740","ASK"
"3741","ADL"
"3742","AFD"
"3743","ASG"
"3744","ADL"
"3745","ASG"
"3746",NA
"3747","ASI"
"3748","ASH"
"3749","ASJ"
"3750","ASJ"
"3751","ADF"
"3752","ASJ"
"3753","AWC"
"3754","AWC_ON"
"3755","ASH"
"3756","ADL"
"3757","ADL"
"3758","AWB"
"3759","ASJ"
"3760","AFD"
"3761","ADF"
"3762","ASK"
"3763","ASH"
"3764","AWC"
"3765","ASE"
"3766","ASI"
"3767","AWA"
"3768","AFD"
"3769","ASK"
"3770","ASJ"
"3771","ASH"
"3772","ASK"
"3773","AFD"
"3774","ASI"
"3775","AFD"
"3776","ASK"
"3777","ASJ"
"3778","ADL"
"3779","AWA"
"3780","ADL"
"3781","ASJ"
"3782","ASI"
"3783","ASJ"
"3784","ADL"
"3785","ASJ"
"3786","ASK"
"3787","ADL"
"3788","AWB"
"3789","AWC"
"3790","ASJ"
"3791","ASI_parent"
"3792","AWA"
"3793","ASI"
"3794","ADL"
"3795","ASI_parent"
"3796","ASJ"
"3797","ASI"
"3798","ADF"
"3799","ADL"
"3800","ASJ"
"3801","ASH"
"3802","ADL"
"3803","ASK"
"3804","ADL"
"3805","AFD"
"3806","ADL"
"3807","AWA"
"3808","ASJ"
"3809","ASJ"
"3810","ASE"
"3811","ASJ"
"3812","ASG"
"3813","ADL"
"3814","ADL"
"3815","AWC"
"3816","ASI_parent"
"3817","ASK"
"3818","ASER"
"3819","ADL"
"3820","ADL"
"3821","ASH"
"3822","ASG"
"3823","ADL"
"3824","AWB"
"3825","ASK"
"3826","AFD"
"3827","ASK"
"3828","ASJ"
"3829","ASJ"
"3830","ADL"
"3831","ADF"
"3832","ADL"
"3833","AFD"
"3834","ADL"
"3835","ASK"
"3836","ASK"
"3837","ADL"
"3838","ASER"
"3839","ASH"
"3840","ASJ"
"3841","ASE"
"3842","ADL"
"3843","ASEL"
"3844","ADL"
"3845","ASI"
"3846","AWB"
"3847","ASK"
"3848","ADL"
"3849","ASEL"
"3850","ASH"
"3851","ASH"
"3852","ASK"
"3853","AWC"
"3854","ASEL"
"3855","ADL"
"3856","ADL"
"3857","ASER"
"3858","ASI"
"3859","ASI"
"3860","ASK"
"3861","ADL"
"3862","ASI"
"3863","ASK"
"3864","ASK"
"3865","AWC"
"3866","ASG"
"3867","ADL"
"3868","AFD"
"3869","AWB"
"3870","AWC"
"3871","ASJ"
"3872","ADL"
"3873","AFD"
"3874","ASE"
"3875","ASE"
"3876","ASEL"
"3877","ADL"
"3878","AWC"
"3879","AWC"
"3880","ASH"
"3881","ASER"
"3882","ASG"
"3883","ASE"
"3884","AWA"
"3885","AUA"
"3886","ASI"
"3887","AFD"
"3888","ADF"
"3889","AWC"
"3890","ADL"
"3891","AWA"
"3892","ASG"
"3893","ADL"
"3894","ASH"
"3895","AWC"
"3896","ASJ"
"3897","ADL"
"3898","AWC"
"3899","ASEL"
"3900","ASER"
"3901","ASH"
"3902","ASER"
"3903","AWC"
"3904","AFD"
"3905","ASI"
"3906","AWA"
"3907","ADL"
"3908","ASE"
"3909","ASI"
"3910","ADL"
"3911","ASH"
"3912","AFD"
"3913","AWC"
"3914","ASH"
"3915","AWC"
"3916","AWA"
"3917","ASI"
"3918","ASH"
"3919","ASER"
"3920","ADF"
"3921","ASE"
"3922","ASI"
"3923","AWC"
"3924","AWC"
"3925","AFD"
"3926","ADF"
"3927","ASK"
"3928","AWA"
"3929",NA
"3930","ASJ"
"3931","ADL"
"3932","ASEL"
"3933","ASE"
"3934","ASH"
"3935","ASEL"
"3936","ADL"
"3937","ASK"
"3938","AFD"
"3939","ASJ"
"3940","ASJ"
"3941","ASK"
"3942","AFD"
"3943","ASER"
"3944","AWB"
"3945","ASER"
"3946","ASE"
"3947","AFD"
"3948","ASG"
"3949","ADL"
"3950","ASK"
"3951","ASE"
"3952","ASJ"
"3953","ASK"
"3954","ADL"
"3955","AWC"
"3956","ADL"
"3957","AWB"
"3958","ASJ"
"3959","ASH"
"3960","ADF_AWB"
"3961","AFD"
"3962","ASEL"
"3963","ADL"
"3964","ASG"
"3965","AWC"
"3966","ASH"
"3967","ASH"
"3968","ADL"
"3969","ASE"
"3970","ADL"
"3971","ASJ"
"3972","ASK_parent"
"3973","ASK"
"3974","ASE"
"3975","AWC"
"3976","ADL"
"3977","AWB"
"3978","AWC"
"3979","ASE"
"3980","ASEL"
"3981","AWA"
"3982","ASJ"
"3983","ADL"
"3984","ASG"
"3985","ASJ"
"3986","ASE"
"3987","ADL"
"3988","ASEL"
"3989","AWA"
"3990","ASI"
"3991","ADL"
"3992","AFD"
"3993","ADL"
"3994","ADL"
"3995","ADL"
"3996","AWC"
"3997","ASH"
"3998","ASG"
"3999","ADL"
"4000","ADL"
"4001","AWA"
"4002","ADL"
"4003","ASI"
"4004","AWC"
"4005","ADF_AWB"
"4006","ASK"
"4007","ASER"
"4008","ASJ"
"4009","ASEL"
"4010","ASER"
"4011","ASER"
"4012","ADL"
"4013","ADL"
"4014","ASI_parent"
"4015","ASEL"
"4016","ASI"
"4017","AWC"
"4018","ASI_parent"
"4019","AFD"
"4020","ASK"
"4021","ASEL"
"4022","AFD"
"4023","ASG"
"4024","AFD"
"4025","ADL"
"4026","ADL"
"4027","ADL"
"4028","AWB"
"4029","AFD"
"4030","ASI"
"4031","ADF"
"4032","ADL"
"4033","ASJ"
"4034","ADL"
"4035","ADL"
"4036","AWC"
"4037","ASI"
"4038","AWC"
"4039","ADL"
"4040","ASJ"
"4041","ASG"
"4042","ADL"
"4043","ADL"
"4044","ASI"
"4045","ASE"
"4046","ASK"
"4047","ADF"
"4048","ASJ"
"4049","AFD"
"4050","ASE"
"4051","ADL"
"4052","AWC"
"4053","ASI"
"4054","ASK"
"4055","ASI_parent"
"4056","ASK"
"4057","ASE"
"4058","ADL"
"4059","ADL"
"4060","ADF"
"4061","AWB"
"4062","AWB"
"4063","ASI"
"4064","ADL"
"4065","AFD"
"4066","ASE"
"4067","AFD"
"4068","ASK"
"4069","AFD"
"4070","AFD"
"4071","ADL"
"4072","ASG"
"4073","ASK"
"4074","ASJ"
"4075","AUA"
"4076","ASK"
"4077","AWC"
"4078","AWB"
"4079","ASE"
"4080","ADF"
"4081","ASH"
"4082","ADL"
"4083","ASEL"
"4084","AWC_ON"
"4085","ADL"
"4086","ASK"
"4087","ASG"
"4088","ADL"
"4089","ADL"
"4090","ADF"
"4091","AWC_ON"
"4092","ASG"
"4093","AWA"
"4094","ASH"
"4095","AFD"
"4096","ASI"
"4097","AFD"
"4098","ASI"
"4099","ADL"
"4100","ASEL"
"4101","AFD"
"4102","ASH"
"4103","AFD"
"4104","ADL"
"4105","ASH"
"4106","ASJ"
"4107","AFD"
"4108","ASK"
"4109","AWB"
"4110","ADL"
"4111","ASI"
"4112","ASER"
"4113","ASJ"
"4114","ASH"
"4115","AFD"
"4116","ADF"
"4117","ASK"
"4118","ASH"
"4119","ASK"
"4120","ASG"
"4121","AWA"
"4122","ASE"
"4123","ASER"
"4124","ASJ"
"4125","ADL"
"4126","AWB"
"4127","ASJ"
"4128","ASG"
"4129","ADL"
"4130","ADL"
"4131","AWB"
"4132","ASJ"
"4133","ADF"
"4134","AWC"
"4135",NA
"4136","AWC"
"4137","AWC"
"4138","ASH"
"4139","ASI"
"4140","AWC"
"4141","ADF"
"4142","ASK"
"4143","ASJ"
"4144","ASER"
"4145","ASH"
"4146","ASG"
"4147","ASH"
"4148","ADL"
"4149","ASI"
"4150","ADL"
"4151","ASER"
"4152","AWC"
"4153","ASH"
"4154","ASK"
"4155","ASI"
"4156","AFD"
"4157","ADL"
"4158","ASH"
"4159","AWC"
"4160","ASI"
"4161","ASH"
"4162","ADL"
"4163","ASE"
"4164","AFD"
"4165","AWB"
"4166","AFD"
"4167","AWB"
"4168","AWB"
"4169","ASG"
"4170","ASJ"
"4171","ASEL"
"4172","AFD"
"4173",NA
"4174","AWB"
"4175","ADL"
"4176","ADL"
"4177","ADL"
"4178","AWC"
"4179",NA
"4180","ADL"
"4181","ASI_parent"
"4182","ASK"
"4183","ADL"
"4184","ASI_parent"
"4185","ADF"
"4186","ASI"
"4187","AWC"
"4188","ADL"
"4189","ASI_parent"
"4190","ASI"
"4191","ASI"
"4192","ADF"
"4193","ASK"
"4194","ASI"
"4195","ASE"
"4196","AWC"
"4197","ASK"
"4198","AWC"
"4199","ADF"
"4200","ASI"
"4201","ASI"
"4202","ASG"
"4203","ASI"
"4204","AWA"
"4205","AWB"
"4206","AFD"
"4207","ADF"
"4208","ADL"
"4209","AFD"
"4210","ASG"
"4211","ASI"
"4212","ASEL"
"4213","AWA"
"4214","ASH"
"4215","ASJ"
"4216","ASI"
"4217","AFD"
"4218","ADL"
"4219","ASG"
"4220","ASK"
"4221","ASJ"
"4222","ADL"
"4223","AWA"
"4224","AWC"
"4225","AWA"
"4226","ASH"
"4227","ASJ"
"4228","ASE"
"4229","ASEL"
"4230","ASJ"
"4231","AWC"
"4232","ASI"
"4233","ASI"
"4234","ASE"
"4235","ASK"
"4236","ASG_AWA"
"4237","ASE"
"4238","ADF"
"4239","ASI"
"4240","AWB"
"4241","ADL"
"4242","ASK"
"4243","ASG"
"4244","AFD"
"4245","ASI"
"4246","AWC"
"4247","AWC"
"4248","ASG"
"4249","ASG"
"4250","ASE"
"4251","ASH"
"4252","ADF"
"4253","AWC"
"4254","ASJ"
"4255","ASI"
"4256","ADL"
"4257","ASEL"
"4258","ASH"
"4259","AWC"
"4260","ASH"
"4261","ASH"
"4262","ASI"
"4263","ASK"
"4264","ASI"
"4265","AWC"
"4266","AFD"
"4267","ADF"
"4268","ASK"
"4269","ASEL"
"4270","ASJ"
"4271","ASH"
"4272","ASI"
"4273","AUA"
"4274",NA
"4275","ASK"
"4276","Neuroblast_ASG_AWA"
"4277","AFD"
"4278","ADF"
"4279","ADL"
"4280","ASG"
"4281","ADL"
"4282","AFD"
"4283","ADL"
"4284","ASJ"
"4285","ASJ"
"4286","ASK"
"4287","ASE"
"4288","ASE"
"4289","ADL"
"4290","ADL"
"4291","ASE"
"4292","AWC"
"4293","AWC"
"4294","ASEL"
"4295","ASI_parent"
"4296","AWA"
"4297","Neuroblast_ASJ_AUA"
"4298","AFD"
"4299","AWC"
"4300","ADL"
"4301","ADL"
"4302","ADL"
"4303","ASI"
"4304","ADL"
"4305","ADL"
"4306","ADL"
"4307","ADL"
"4308","ASE"
"4309","ASJ"
"4310","ASK"
"4311","ASI"
"4312","ADL"
"4313","ASH"
"4314","ADL"
"4315","ADL"
"4316","ASE"
"4317","ASEL"
"4318","ASJ"
"4319","AWB"
"4320","ASH"
"4321","ASI"
"4322","AUA"
"4323","ASH"
"4324","ASI"
"4325","ASEL"
"4326","AFD"
"4327","AUA"
"4328","ASJ"
"4329","Neuroblast_ASG_AWA"
"4330","ADL"
"4331","ASI_parent"
"4332","AFD"
"4333","ASER"
"4334","AFD"
"4335","ADL"
"4336","ASI"
"4337","ASJ"
"4338","AUA"
"4339","ASER"
"4340","ASI"
"4341","ASJ"
"4342","ASER"
"4343","ASK"
"4344","AUA"
"4345","ASE"
"4346","ASE"
"4347",NA
"4348","AFD"
"4349","ASH"
"4350","Neuroblast_AFD_RMD"
"4351",NA
"4352","AWA"
"4353",NA
"4354",NA
"4355","ASG_AWA"
"4356",NA
"4357","AWC"
"4358","Neuroblast_ASJ_AUA"
"4359","AWC"
"4360","AWA"
"4361",NA
"4362",NA
"4363",NA
"4364",NA
"4365",NA
"4366",NA
"4367","ASJ"
"4368",NA
"4369",NA
"4370","AFD"
"4371","ADL"
"4372",NA
"4373",NA
"4374","Neuroblast_AFD_RMD"
"4375",NA
"4376",NA
"4377","ASH"
"4378",NA
"4379","ASE"
"4380","AWB"
"4381","ASH"
"4382","AFD"
"4383",NA
"4384","ASE_parent"
"4385","ASG"
"4386","AFD"
"4387","ASJ"
"4388",NA
"4389",NA
"4390","Neuroblast_ASE_ASJ_AUA"
"4391","ASJ"
"4392","AWA"
"4393",NA
"4394",NA
"4395",NA
"4396","ADF"
"4397",NA
"4398",NA
"4399","ADL"
"4400",NA
"4401",NA
"4402","ADF"
"4403","ADF"
"4404",NA
"4405",NA
"4406",NA
"4407","ASH"
"4408",NA
"4409",NA
"4410",NA
"4411",NA
"4412",NA
"4413","ASJ"
"4414",NA
"4415","ASE_parent"
"4416","AFD"
"4417","Neuroblast_ASJ_AUA"
"4418","ASJ"
"4419",NA
"4420",NA
"4421","ASI_parent"
"4422","Neuroblast_AFD_RMD"
"4423",NA
"4424",NA
"4425",NA
"4426","ADL"
"4427","Neuroblast_ASE_ASJ_AUA"
"4428",NA
"4429",NA
"4430","ASK_parent"
"4431",NA
"4432",NA
"4433",NA
"4434",NA
"4435",NA
"4436",NA
"4437","ASE"
"4438",NA
"4439",NA
"4440","ASJ"
"4441",NA
"4442","AWA"
"4443","Neuroblast_AFD_RMD"
"4444","AFD"
"4445",NA
"4446","AFD"
"4447","ADF"
"4448",NA
"4449",NA
"4450",NA
"4451",NA
"4452","Neuroblast_AFD_RMD"
"4453",NA
"4454",NA
"4455",NA
"4456","AWA"
"4457","AWA"
"4458","ASH"
"4459","ASG"
"4460",NA
"4461",NA
"4462",NA
"4463","ADL"
"4464","Neuroblast_AFD_RMD"
"4465",NA
"4466",NA
"4467","ASE_parent"
"4468","ASI"
"4469",NA
"4470","AFD"
"4471","AUA"
"4472","ASE"
"4473",NA
"4474","ADF"
"4475",NA
"4476","AFD"
"4477","ASK"
"4478","ASJ"
"4479",NA
"4480",NA
"4481",NA
"4482",NA
"4483",NA
"4484","ADF"
"4485",NA
"4486",NA
"4487","AWA"
"4488","ASK_parent"
"4489",NA
"4490","ASH"
"4491",NA
"4492","ASI_parent"
"4493","ASH"
"4494","ADL"
"4495",NA
"4496","ASH"
"4497",NA
"4498","ASH"
"4499","Neuroblast_AFD_RMD"
"4500",NA
"4501",NA
"4502",NA
"4503",NA
"4504",NA
"4505",NA
"4506",NA
"4507",NA
"4508",NA
"4509",NA
"4510","ADF_AWB"
"4511","ASK"
"4512",NA
"4513","AWA"
"4514","Neuroblast_AFD_RMD"
"4515","Neuroblast_ASE_ASJ_AUA"
"4516",NA
"4517","ASK"
"4518",NA
"4519",NA
"4520",NA
"4521",NA
"4522",NA
"4523","AWC"
"4524","ADF"
"4525",NA
"4526","AWA"
"4527","AWA"
"4528","AFD"
"4529",NA
"4530",NA
"4531","AWC"
"4532",NA
"4533","Neuroblast_ASJ_AUA"
"4534","ASK_parent"
"4535",NA
"4536",NA
"4537","AFD"
"4538","ASH"
"4539",NA
"4540","AWB"
"4541","ASH"
"4542","ASJ"
"4543","ASI_parent"
"4544","AFD"
"4545",NA
"4546","ADL_parent"
"4547",NA
"4548","ASH"
"4549",NA
"4550","AWC"
"4551",NA
"4552","ASE_parent"
"4553","ADF"
"4554","ASI_parent"
"4555","ASJ"
"4556","Neuroblast_ASG_AWA"
"4557","ASH"
"4558","AUA"
"4559","ASJ"
"4560","ASJ"
"4561","Neuroblast_AFD_RMD"
"4562","ASI"
"4563","ASJ"
"4564","Neuroblast_ASE_ASJ_AUA"
"4565",NA
"4566",NA
"4567","Neuroblast_ASE_ASJ_AUA"
"4568","Neuroblast_AFD_RMD"
"4569",NA
"4570","ASJ"
"4571",NA
"4572",NA
"4573",NA
"4574","Neuroblast_ADF_AWB"
"4575","AFD"
"4576",NA
"4577",NA
"4578",NA
"4579",NA
"4580",NA
"4581",NA
"4582",NA
"4583","AWA"
"4584",NA
"4585","Neuroblast_ASJ_AUA"
"4586","AFD"
"4587",NA
"4588","AUA"
"4589",NA
"4590",NA
"4591","AFD"
"4592","ASE"
"4593","ASI_parent"
"4594","Neuroblast_ASE_ASJ_AUA"
"4595",NA
"4596","ASK_parent"
"4597",NA
"4598",NA
"4599",NA
"4600",NA
"4601","ASI"
"4602","ADL"
"4603","ASE"
"4604",NA
"4605",NA
"4606",NA
"4607","Neuroblast_ASE_ASJ_AUA"
"4608","ADL"
"4609","Neuroblast_ASE_ASJ_AUA"
"4610",NA
"4611",NA
"4612",NA
"4613",NA
"4614",NA
"4615","AUA"
"4616","ADF_AWB"
"4617","AUA"
"4618",NA
"4619","ASH"
"4620","ADL"
"4621",NA
"4622","ASI"
"4623","AFD"
"4624","ADL"
"4625","ADF_AWB"
"4626","ASK_parent"
"4627",NA
"4628",NA
"4629","AUA"
"4630",NA
"4631","AFD"
"4632","ASH"
"4633","ADF"
"4634","ADL"
"4635",NA
"4636","AWA"
"4637",NA
"4638","ASE"
"4639","Neuroblast_AFD_RMD"
"4640",NA
"4641","AWC"
"4642",NA
"4643",NA
"4644",NA
"4645",NA
"4646",NA
"4647",NA
"4648","ADL"
"4649","AWA"
"4650","ADL"
"4651",NA
"4652",NA
"4653","ASJ"
"4654","ASI_parent"
"4655","Neuroblast_AFD_RMD"
"4656","AWC"
"4657",NA
"4658",NA
"4659","AWC"
"4660",NA
"4661",NA
"4662",NA
"4663",NA
"4664","ASK_parent"
"4665","AWB"
"4666","ADL"
"4667",NA
"4668",NA
"4669",NA
"4670",NA
"4671","Neuroblast_AFD_RMD"
"4672","ASI"
"4673","ASJ"
"4674",NA
"4675","ASI"
"4676","AFD"
"4677",NA
"4678","AWA"
"4679",NA
"4680","ASK_parent"
"4681","Neuroblast_AFD_RMD"
"4682",NA
"4683",NA
"4684","AUA"
"4685",NA
"4686","ASI"
"4687","ASG"
"4688","AFD"
"4689",NA
"4690","Neuroblast_ASE_ASJ_AUA"
"4691",NA
"4692","AWC"
"4693","ASG_AWA"
"4694",NA
"4695","ASG_AWA"
"4696","AUA"
"4697",NA
"4698",NA
"4699","Neuroblast_AFD_RMD"
"4700","ASJ"
"4701","Neuroblast_AFD_RMD"
"4702","AWC"
"4703",NA
"4704","AFD"
"4705","ADL"
"4706",NA
"4707",NA
"4708",NA
"4709","Neuroblast_ASJ_AUA"
"4710","ASJ"
"4711","ASE_parent"
"4712","AWA"
"4713",NA
"4714",NA
"4715","Neuroblast_AFD_RMD"
"4716",NA
"4717",NA
"4718","ASJ"
"4719","ASK"
"4720","ASK"
"4721","ASI"
"4722","ASK_parent"
"4723","ASG_AWA"
"4724",NA
"4725",NA
"4726","ASK_parent"
"4727","AWB"
"4728","AFD"
"4729","Neuroblast_ASE_ASJ_AUA"
"4730",NA
"4731",NA
"4732",NA
"4733","ADL"
"4734",NA
"4735",NA
"4736","AWC"
"4737",NA
"4738","ADF"
"4739","ASE_parent"
"4740",NA
"4741","AWC"
"4742","AWC"
"4743","ASI_parent"
"4744","ASK"
"4745",NA
"4746","AWA"
"4747","AUA"
"4748",NA
"4749",NA
"4750","Neuroblast_ASE_ASJ_AUA"
"4751",NA
"4752","ASI_parent"
"4753","ADF_AWB"
"4754","ASEL"
"4755",NA
"4756","ASJ"
"4757","ASJ"
"4758","ADL"
"4759",NA
"4760",NA
"4761",NA
"4762","Neuroblast_ASE_ASJ_AUA"
"4763","ADF"
"4764","ASK"
"4765",NA
"4766","AWC"
"4767",NA
"4768",NA
"4769",NA
"4770",NA
"4771",NA
"4772","AFD"
"4773",NA
"4774",NA
"4775",NA
"4776","Neuroblast_ASE_ASJ_AUA"
"4777",NA
"4778","ASI"
"4779",NA
"4780","ASK"
"4781",NA
"4782","ASE"
"4783","ASE_parent"
"4784","ADF_AWB"
"4785","AWA"
"4786","ASJ"
"4787","Neuroblast_AFD_RMD"
"4788","ASG_AWA"
"4789","ASI_parent"
"4790","ASE"
"4791","ASI"
"4792","Neuroblast_AFD_RMD"
"4793","ASE_parent"
"4794","AFD"
"4795",NA
"4796","ADF_AWB"
"4797","Neuroblast_ASE_ASJ_AUA"
"4798","ASK_parent"
"4799",NA
"4800","Neuroblast_ASJ_AUA"
"4801","ASE"
"4802",NA
"4803","ADF_AWB"
"4804","Neuroblast_AFD_RMD"
"4805",NA
"4806","AWC"
"4807","ASJ"
"4808",NA
"4809","AFD"
"4810","Neuroblast_ASG_AWA"
"4811","ASE"
"4812",NA
"4813",NA
"4814","Neuroblast_ASJ_AUA"
"4815","AFD"
"4816","ADL"
"4817",NA
"4818","ASK_parent"
"4819",NA
"4820",NA
"4821",NA
"4822",NA
"4823",NA
"4824",NA
"4825","ADF"
"4826","Neuroblast_ASJ_AUA"
"4827","ASK"
"4828","ASI"
"4829","ASI"
"4830",NA
"4831",NA
"4832","Neuroblast_AFD_RMD"
"4833","ADF_AWB"
"4834","AWC"
"4835","Neuroblast_AFD_RMD"
"4836",NA
"4837",NA
"4838",NA
"4839",NA
"4840","AWA"
"4841","Neuroblast_ASE_ASJ_AUA"
"4842","ASK_parent"
"4843",NA
"4844",NA
"4845","ASE"
"4846",NA
"4847","Neuroblast_AFD_RMD"
"4848","ASH"
"4849","AFD"
"4850","ASJ"
"4851","ASG"
"4852",NA
"4853","ASI"
"4854","AFD"
"4855","ASJ"
"4856","AWC"
"4857","ASG"
"4858","AFD"
"4859","ASJ"
"4860",NA
"4861","ADL"
"4862","AWA"
"4863",NA
"4864","ASH"
"4865","ADL"
"4866","ASI"
"4867",NA
"4868",NA
"4869","AWC"
"4870","ASE_parent"
"4871","Neuroblast_ASJ_AUA"
"4872",NA
"4873",NA
"4874","ASE"
"4875",NA
"4876","ADF"
"4877","Neuroblast_ASJ_AUA"
"4878","ADL"
"4879","ASH"
"4880","ASK"
"4881","ASE_parent"
"4882","ADL"
"4883","AWC"
"4884","ASG_AWA"
"4885","AWB"
"4886","AWA"
"4887","ASI_parent"
"4888",NA
"4889","ADL"
"4890",NA
"4891","ASH"
"4892",NA
"4893","ADL"
"4894","ASH"
"4895","ASE_parent"
"4896",NA
"4897","AFD"
"4898","ASER"
"4899","ASK_parent"
"4900","ASE_parent"
"4901","ADL"
"4902","ASI"
"4903",NA
"4904",NA
"4905","ASJ"
"4906","AFD"
"4907","ASJ"
"4908","ADL"
"4909","ASI"
"4910",NA
"4911",NA
"4912","ASE_parent"
"4913","ASI"
"4914","AWB"
"4915","ASJ"
"4916",NA
"4917","Neuroblast_AFD_RMD"
"4918","ADL"
"4919",NA
"4920","ADL"
"4921",NA
"4922",NA
"4923",NA
"4924","Neuroblast_ASE_ASJ_AUA"
"4925","AFD"
"4926","AWB"
"4927",NA
"4928","ASE_parent"
"4929","AUA"
"4930","ASJ"
"4931","ADL"
"4932",NA
"4933",NA
"4934","ASK"
"4935","ADL"
"4936",NA
"4937",NA
"4938","ASJ"
"4939","ASK_parent"
"4940","ADL"
"4941",NA
"4942","ASI"
"4943","ADL"
"4944",NA
"4945","ASE"
"4946",NA
"4947",NA
"4948",NA
"4949","ADL"
"4950","ASI"
"4951","ASG_AWA"
"4952",NA
"4953","AWC"
"4954","ASI_parent"
"4955","AWA"
"4956","ASE"
"4957","ASI_parent"
"4958","ASI"
"4959","ASG_AWA"
"4960",NA
"4961","ASER"
"4962","AWB"
"4963","ASH"
"4964","AFD"
"4965","ASJ"
"4966","ASI"
"4967",NA
"4968","ASE_parent"
"4969",NA
"4970","AWA"
"4971","ASE_parent"
"4972","ASJ"
"4973","AFD"
"4974","ASE"
"4975","AWB"
"4976","Neuroblast_ASJ_AUA"
"4977","Neuroblast_ASJ_AUA"
"4978","AWB"
"4979","AWB"
"4980","ADL"
"4981",NA
"4982",NA
"4983","Neuroblast_ASE_ASJ_AUA"
"4984","Neuroblast_ASE_ASJ_AUA"
"4985",NA
"4986","ASJ"
"4987",NA
"4988",NA
"4989","ADL"
"4990",NA
"4991","AFD"
"4992",NA
"4993","ASK"
"4994","ASI"
"4995","ASJ"
"4996","AUA"
"4997","ASJ"
"4998","AFD"
"4999",NA
"5000",NA
"5001","Neuroblast_ASJ_AUA"
"5002","ASK"
"5003","ASK_parent"
"5004","AWB"
"5005",NA
"5006",NA
"5007","ASH"
"5008",NA
"5009",NA
"5010",NA
"5011","ASE"
"5012","AUA"
"5013","ASE"
"5014","ASI_parent"
"5015","AWC"
"5016","ASH"
"5017","AFD"
"5018","AFD"
"5019","ADL"
"5020","ASE"
"5021","ASI_parent"
"5022","AFD"
"5023","ADL"
"5024","ASE"
"5025",NA
"5026",NA
"5027","AWB"
"5028","ASI"
"5029","ASH"
"5030","ASE"
"5031","ASH"
"5032","ASE_parent"
"5033","AFD"
"5034",NA
"5035",NA
"5036",NA
"5037","Neuroblast_ASJ_AUA"
"5038",NA
"5039","ASJ"
"5040","ASE"
"5041","ASK_parent"
"5042",NA
"5043",NA
"5044","ADF_AWB"
"5045","ASE_parent"
"5046",NA
"5047",NA
"5048","ADL"
"5049","ASG"
"5050","ADL"
"5051","ADF"
"5052","ASEL"
"5053","ASH"
"5054","ASE_parent"
"5055","ADF"
"5056","AUA"
"5057",NA
"5058","ASJ"
"5059","Neuroblast_ASE_ASJ_AUA"
"5060","ADL"
"5061","ASH"
"5062",NA
"5063","ASG"
"5064","ASI_parent"
"5065",NA
"5066",NA
"5067","AWC_ON"
"5068","ASJ"
"5069","AWA"
"5070",NA
"5071",NA
"5072",NA
"5073","AWB"
"5074","ASE_parent"
"5075","ASE"
"5076","Neuroblast_ASJ_AUA"
"5077",NA
"5078",NA
"5079","ADL"
"5080","ASG"
"5081",NA
"5082","Neuroblast_ASJ_AUA"
"5083","ASE_parent"
"5084","ADL"
"5085","ASJ"
"5086","ASJ"
"5087","ADL"
"5088","ASK"
"5089",NA
"5090","ASI_parent"
"5091","ADL"
"5092",NA
"5093","Neuroblast_ASJ_AUA"
"5094",NA
"5095","ASJ"
"5096","ASE"
"5097",NA
"5098",NA
"5099","ADL"
"5100","ADL"
"5101","Neuroblast_ASE_ASJ_AUA"
"5102","ASJ"
"5103","ASEL"
"5104",NA
"5105","Neuroblast_ASJ_AUA"
"5106","ADL"
"5107","ASE_parent"
"5108","ADL"
"5109","ADL"
"5110","ADL"
"5111",NA
"5112",NA
"5113","ASI_parent"
"5114","AWA"
"5115","ASER"
"5116","ASI"
"5117","ASH"
"5118","Neuroblast_ASJ_AUA"
"5119",NA
"5120",NA
"5121","ASJ"
"5122","ASE_parent"
"5123","Neuroblast_ASG_AWA"
"5124",NA
"5125","Neuroblast_AFD_RMD"
"5126",NA
"5127","ASH"
"5128",NA
"5129","Neuroblast_ASJ_AUA"
"5130",NA
"5131","AFD"
"5132","ADL"
"5133","ADL"
"5134","AWB"
"5135","ASJ"
"5136","AFD"
"5137","ADL"
"5138","ASJ"
"5139",NA
"5140","ADL"
"5141","Neuroblast_AFD_RMD"
"5142","ADL"
"5143","ASK_parent"
"5144","AWC"
"5145","ADF"
"5146","ASH"
"5147","ADL"
"5148",NA
"5149",NA
"5150","ASE_parent"
"5151","Neuroblast_AFD_RMD"
"5152","ASEL"
"5153","ASJ"
"5154","AWB"
"5155","AFD"
"5156","ADL"
"5157","ASI"
"5158",NA
"5159","ADL"
"5160",NA
"5161",NA
"5162","AWA"
"5163",NA
"5164",NA
"5165","AWC"
"5166","ASJ"
"5167","ASK"
"5168","ADF_AWB"
"5169","ASH"
"5170","AFD"
"5171",NA
"5172","ASE_parent"
"5173","AWA"
"5174","AWC"
"5175","Neuroblast_AFD_RMD"
"5176",NA
"5177",NA
"5178","ASE_parent"
"5179","AWC"
"5180","ADL"
"5181","Neuroblast_ASJ_AUA"
"5182","AWB"
"5183","ASE_parent"
"5184","ADL"
"5185",NA
"5186","AFD"
"5187",NA
"5188","ASI_parent"
"5189",NA
"5190",NA
"5191",NA
"5192","ASJ"
"5193","ASH"
"5194","ADL"
"5195",NA
"5196","ASJ"
"5197","ASG"
"5198","AFD"
"5199","ASE"
"5200",NA
"5201","ADL"
"5202","ASK"
"5203","ADL"
"5204",NA
"5205","ASJ"
"5206","ADL"
"5207",NA
"5208","Neuroblast_ASJ_AUA"
"5209","ADL"
"5210","ADF"
"5211","ADL"
"5212","Neuroblast_AFD_RMD"
"5213","AFD"
"5214","ASJ"
"5215","ASJ"
"5216","ASE_parent"
"5217","ASE"
"5218",NA
"5219","ADL"
"5220","AWB"
"5221","ADL"
"5222",NA
"5223",NA
"5224",NA
"5225","ASK_parent"
"5226","ASE_parent"
"5227","ADL"
"5228",NA
"5229","ASI"
"5230","ADF_AWB"
"5231","ASJ"
"5232",NA
"5233","ASI_parent"
"5234","AWA"
"5235","ASK"
"5236","ADF_AWB"
"5237","ASK"
"5238","AWB"
"5239","AWA"
"5240","ADL"
"5241","ASE_parent"
"5242",NA
"5243",NA
"5244",NA
"5245","ASK"
"5246","ADL"
"5247","ASJ"
"5248","AWC"
"5249","ASJ"
"5250","AFD"
"5251","ASK_parent"
"5252","ASK"
"5253","AWB"
"5254","ASG"
"5255","ADL"
"5256","ASE_parent"
"5257","AWA"
"5258","ASK_parent"
"5259",NA
"5260","ASE"
"5261",NA
"5262","ADL"
"5263","ADL"
"5264",NA
"5265","AWB"
"5266","ADL"
"5267",NA
"5268","ASK"
"5269",NA
"5270","ASI"
"5271","AWC"
"5272",NA
"5273","AWB"
"5274","ADL"
"5275","AWC"
"5276","ADL"
"5277","ASH"
"5278",NA
"5279","ASE_parent"
"5280","ASI"
"5281","AWC"
"5282","AWC_ON"
"5283",NA
"5284","AWA"
"5285",NA
"5286","AWA"
"5287",NA
"5288","ADL"
"5289","ASI_parent"
"5290","ADL"
"5291","ASE_parent"
"5292","ADL"
"5293","AFD"
"5294",NA
"5295","ADL"
"5296",NA
"5297","ASE_parent"
"5298","ADF_AWB"
"5299","ADL"
"5300","ASK"
"5301","ASG"
"5302",NA
"5303","AFD"
"5304","ASH"
"5305","ADL"
"5306","ASE"
"5307",NA
"5308","Neuroblast_ASJ_AUA"
"5309",NA
"5310","Neuroblast_AFD_RMD"
"5311","ASER"
"5312","ASG"
"5313",NA
"5314","ASK"
"5315",NA
"5316",NA
"5317","ASE"
"5318",NA
"5319","ASH"
"5320",NA
"5321",NA
"5322","ASK"
"5323","ADL"
"5324","AWA"
"5325",NA
"5326","ADL"
"5327","ADL"
"5328","ASJ"
"5329","AWC"
"5330","ADL"
"5331","ASG"
"5332",NA
"5333",NA
"5334","ADL"
"5335",NA
"5336",NA
"5337","AFD"
"5338","ASH"
"5339",NA
"5340","ASJ"
"5341","ASH"
"5342","AFD"
"5343","AWC"
"5344","ASE_parent"
"5345","ASI_parent"
"5346","AFD"
"5347","ASI_parent"
"5348",NA
"5349","AWA"
"5350","ASG"
"5351",NA
"5352",NA
"5353",NA
"5354","ASH"
"5355","AWC"
"5356",NA
"5357","ASI_parent"
"5358","ASH"
"5359","ASK"
"5360","ADL"
"5361",NA
"5362","AWC"
"5363",NA
"5364","ASJ"
"5365","ADL"
"5366",NA
"5367",NA
"5368","ASI_parent"
"5369","ASE_parent"
"5370","ASJ"
"5371","ASI"
"5372","ASJ"
"5373",NA
"5374","ASE"
"5375","ADF"
"5376","ASI"
"5377","AWC_ON"
"5378","ASH"
"5379","AFD"
"5380","AWC"
"5381","ASE_parent"
"5382",NA
"5383","ASK"
"5384","ADL"
"5385","ASE_parent"
"5386","ASJ"
"5387","ADL"
"5388","AWB"
"5389","ASJ"
"5390",NA
"5391","ASJ"
"5392","ASI_parent"
"5393","Neuroblast_ASJ_AUA"
"5394",NA
"5395",NA
"5396","AWC"
"5397","ADL"
"5398","ASK_parent"
"5399","ASI_parent"
"5400",NA
"5401","Neuroblast_ASJ_AUA"
"5402","ASI"
"5403","AWC"
"5404",NA
"5405","ASE"
"5406","AFD"
"5407",NA
"5408","ADF_AWB"
"5409","Neuroblast_AFD_RMD"
"5410","ASI_parent"
"5411",NA
"5412","ASI"
"5413","ADL"
"5414","ASK"
"5415",NA
"5416",NA
"5417","ASE"
"5418",NA
"5419","ADF"
"5420",NA
"5421","ADL"
"5422",NA
"5423","ADF"
"5424",NA
"5425","ASI_parent"
"5426",NA
"5427","ASI_parent"
"5428","AFD"
"5429","ASG_AWA"
"5430",NA
"5431","Neuroblast_ASJ_AUA"
"5432","Neuroblast_ADF_AWB"
"5433",NA
"5434","ADF"
"5435",NA
"5436",NA
"5437","ASK"
"5438","AWA"
"5439","ASI"
"5440","ASG"
"5441","ASG"
"5442","ASG_AWA"
"5443","ASK"
"5444","ASJ"
"5445","ASK_parent"
"5446","Neuroblast_AFD_RMD"
"5447","AWB"
"5448","AWA"
"5449",NA
"5450","ADL"
"5451","ASK"
"5452",NA
"5453","ASG"
"5454","ASI_parent"
"5455","ASH"
"5456","AWA"
"5457","ASH"
"5458","Neuroblast_ASJ_AUA"
"5459","AWC"
"5460","AWC"
"5461","ASK"
"5462","ADL"
"5463","ASI"
"5464","AFD"
"5465","AWC"
"5466","Neuroblast_ASJ_AUA"
"5467",NA
"5468",NA
"5469",NA
"5470","ASJ"
"5471","ADL"
"5472",NA
"5473","ASH"
"5474","ASK_parent"
"5475",NA
"5476","AFD"
"5477","AFD"
"5478","ADF"
"5479","ADL"
"5480",NA
"5481",NA
"5482","AWA"
"5483","ASJ"
"5484","ASH"
"5485","ADL"
"5486",NA
"5487","AWB"
"5488","ASJ"
"5489","ASJ"
"5490","ASE_parent"
"5491",NA
"5492","ADL"
"5493",NA
"5494",NA
"5495","ASK_parent"
"5496",NA
"5497","ASJ"
"5498","ASJ"
"5499","ASH"
"5500","ADL"
"5501","ASG_AWA"
"5502",NA
"5503","AWB"
"5504","AFD"
"5505","ASE"
"5506","ASK"
"5507","ADL"
"5508","ASH"
"5509",NA
"5510","ASI"
"5511","AUA"
"5512","ASJ"
"5513",NA
"5514","ASI"
"5515","ASK"
"5516","Neuroblast_AFD_RMD"
"5517","AWB"
"5518","Neuroblast_ASJ_AUA"
"5519","ADL"
"5520",NA
"5521","ASK"
"5522",NA
"5523","ASH"
"5524","ASE"
"5525","ADL"
"5526","AFD"
"5527","ASJ"
"5528","ADL"
"5529","ASG"
"5530","ASI_parent"
"5531","Neuroblast_ASJ_AUA"
"5532","ASE_parent"
"5533","ASK_parent"
"5534","ASG"
"5535",NA
"5536","ASH"
"5537","ASH"
"5538","ASJ"
"5539",NA
"5540","ASH"
"5541","ASK_parent"
"5542","Neuroblast_AFD_RMD"
"5543","Neuroblast_ASJ_AUA"
"5544","ADL"
"5545","AWB"
"5546",NA
"5547","AWA"
"5548",NA
"5549","AWC"
"5550","ASJ"
"5551","ADF_AWB"
"5552","Neuroblast_AFD_RMD"
"5553","Neuroblast_AFD_RMD"
"5554","AFD"
"5555","ADF"
"5556","Neuroblast_ASE_ASJ_AUA"
"5557","AWC"
"5558","Neuroblast_ASJ_AUA"
"5559","AWA"
"5560","AWB"
"5561","ASI_parent"
"5562","AWA"
"5563",NA
"5564",NA
"5565",NA
"5566","ASE_parent"
"5567","Neuroblast_AFD_RMD"
"5568","ASH"
"5569","ASH"
"5570","ASJ"
"5571","ASH"
"5572","ASH"
"5573","ASH"
"5574","ADL"
"5575","ASE"
"5576","ADL"
"5577","ASJ"
"5578",NA
"5579","ASE_parent"
"5580",NA
"5581","ASE"
"5582","ADF"
"5583","ASG"
"5584",NA
"5585","AWA"
"5586","Neuroblast_ASJ_AUA"
"5587","ASI"
"5588","ASI"
"5589",NA
"5590","ASI"
"5591","AWA"
"5592",NA
"5593","ASJ"
"5594","ADL"
"5595",NA
"5596","ADL"
"5597",NA
"5598","ASH"
"5599",NA
"5600","ADL"
"5601",NA
"5602","ASI"
"5603",NA
"5604",NA
"5605",NA
"5606","ASH"
"5607","ASG"
"5608",NA
"5609","Neuroblast_ASJ_AUA"
"5610","ADL"
"5611","AWC"
"5612","AWC"
"5613","ASK"
"5614","ASK"
"5615","ASE"
"5616","ASJ"
"5617",NA
"5618",NA
"5619","ADL"
"5620","AWB"
"5621","AWB"
"5622","ASE"
"5623","AWB"
"5624","Neuroblast_ASG_AWA"
"5625","ADL"
"5626","ASJ"
"5627","ASI_parent"
"5628",NA
"5629","ADL"
"5630","ASG"
"5631","ASJ"
"5632","Neuroblast_AFD_RMD"
"5633",NA
"5634","ASI_parent"
"5635","Neuroblast_ASJ_AUA"
"5636","ADF"
"5637","ASJ"
"5638","Neuroblast_AFD_RMD"
"5639","AWC"
"5640","ASI_parent"
"5641",NA
"5642",NA
"5643",NA
"5644",NA
"5645",NA
"5646","ASG"
"5647","AWA"
"5648",NA
"5649","AWA"
"5650","Neuroblast_ASJ_AUA"
"5651","AWB"
"5652",NA
"5653","ASK_parent"
"5654","ASH"
"5655",NA
"5656","AWA"
"5657","ADL"
"5658",NA
"5659","ADL"
"5660",NA
"5661",NA
"5662","ASH"
"5663",NA
"5664","AWC"
"5665","ASI_parent"
"5666","ASG_AWA"
"5667","ASH"
"5668","AFD"
"5669","ASI_parent"
"5670","AWB"
"5671","AUA"
"5672","AWB"
"5673","AWB"
"5674","ASG_AWA"
"5675","AWC"
"5676","ASI"
"5677","ASG"
"5678","ASK"
"5679","ADF_AWB"
"5680","ASH"
"5681","ASG"
"5682","ADL"
"5683","AFD"
"5684","ASK"
"5685","ASI"
"5686","AFD"
"5687","ASH"
"5688","ADL"
"5689","AWB"
"5690","AWC"
"5691","ADL"
"5692","ASJ"
"5693","ASK"
"5694","AWC"
"5695","AWC"
"5696","AUA"
"5697","ASH"
"5698","ASJ"
"5699","ASH"
"5700","AFD"
"5701","ASH"
"5702","AFD"
"5703","ASG_AWA"
"5704","ADL"
"5705","AWB"
"5706","AWA"
"5707","AWC_ON"
"5708","AWC"
"5709","AFD"
"5710","ADF"
"5711","AWB"
"5712","ASH"
"5713","AFD"
"5714","AWA"
"5715","AWA"
"5716","AWA"
"5717","ADL"
"5718","ADF"
"5719","ASG"
"5720","ADL"
"5721","ASK"
"5722","AWB"
"5723","ASK"
"5724","ASI"
"5725","ASH"
"5726","AWA"
"5727","ASG"
"5728","ADF"
"5729","ADL"
"5730","AUA"
"5731","AWB"
"5732","ASK"
"5733","AWA"
"5734","AWC"
"5735","AWB"
"5736","ASK"
"5737","AWA"
"5738","ASG"
"5739","AWC_ON"
"5740","AWC"
"5741","AWA"
"5742","ASJ"
"5743","AWA"
"5744","ASJ"
"5745","AWA"
"5746","ASJ"
"5747","AWB"
"5748","ASK"
"5749","ASG"
"5750","ASK"
"5751","ASJ"
"5752","AWA"
"5753","ADL"
"5754","ASJ"
"5755","AWA"
"5756","AWA"
"5757","ASH"
"5758","ASH"
"5759","AFD"
"5760","AUA"
"5761","ASK"
"5762","ASI"
"5763","ASK"
"5764","ASK"
"5765","ADL"
"5766","ASJ"
"5767","AWB"
"5768","ASH"
"5769","ASI"
"5770","AFD"
"5771","ASI"
"5772","AWC"
"5773","ASH"
"5774","ASI_parent"
"5775",NA
"5776","ASI"
"5777","AWA"
"5778","ASI"
"5779","AWC"
"5780","AWC"
"5781","AWB"
"5782","ASG"
"5783","ADF"
"5784","ASK"
"5785","ASI"
"5786","ADF"
"5787","AWA"
"5788","AWB"
"5789","ADL"
"5790","AWA"
"5791","ASI"
"5792","AFD"
"5793","ASK"
"5794","ASJ"
"5795","AWC"
"5796","AWC"
"5797","ASH"
"5798","ASH"
"5799","AWA"
"5800","ASH"
"5801","ASK"
"5802",NA
"5803","ASG"
"5804","AWA"
"5805","ASG"
"5806","AFD"
"5807","ASJ"
"5808","AFD"
"5809","ASG"
"5810","AFD"
"5811","AWA"
"5812","ASG"
"5813","AWB"
"5814","ADL"
"5815","ASH"
"5816","ASH"
"5817","AWB"
"5818","ASG"
"5819","ASI"
"5820","AWA"
"5821","AWB"
"5822","ASH"
"5823","ASI"
"5824","AWC"
"5825","AWB"
"5826","AWC"
"5827","ASI"
"5828","AWB"
"5829","ASH"
"5830","ASI"
"5831","AWC"
"5832","ASH"
"5833","ADL"
"5834","AWA"
"5835","AFD"
"5836","AWB"
"5837","AWA"
"5838","ASJ"
"5839","AWB"
"5840","ADL"
"5841","ASI_parent"
"5842","ASH"
"5843","AFD"
"5844","ASK"
"5845","ASK"
"5846","ASH"
"5847","ASI"
"5848","ASK"
"5849","ASG"
"5850","AWC"
"5851","ASI"
"5852","AWB"
"5853","AWA"
"5854","ASH"
"5855","ASK"
"5856","ASH"
"5857","ASG"
"5858","ASG"
"5859","ASG"
"5860","ADL"
"5861","ASH"
"5862","AFD"
"5863","ASG"
"5864","AWC"
"5865","AWA"
"5866","ASG"
"5867","AWB"
"5868","AWA"
"5869","AWC"
"5870","ADL"
"5871","ASK"
"5872","ASH"
"5873","AWB"
"5874","AFD"
"5875","AUA"
"5876","AFD"
"5877","AWB"
"5878","AWA"
"5879","ADF"
"5880","ADF"
"5881","AWA"
"5882","ASK"
"5883","ASJ"
"5884","ADF"
"5885","AWA"
"5886","ASG"
"5887","AWB"
"5888","AWB"
"5889","ASG"
"5890","AWA"
"5891",NA
"5892","ASG"
"5893","AWC"
"5894","AWA"
"5895","AWB"
"5896","AWA"
"5897","ASK"
"5898","ADL"
"5899","AWA"
"5900","ASG"
"5901","ASG_AWA"
"5902","ASH"
"5903","AWB"
"5904","AWC"
"5905","ASI"
"5906","ASI"
"5907","AWC"
"5908","AWA"
"5909","AWA"
"5910",NA
"5911",NA
"5912",NA
"5913","AWB"
"5914","ASG_AWA"
"5915","ADL"
"5916","AFD"
"5917","ASK"
"5918","ASK"
"5919","AWA"
"5920","AWB"
"5921","ADL"
"5922","ASK"
"5923","ASG"
"5924","ASH"
"5925","AFD"
"5926","ASK"
"5927","ASK"
"5928","ASI_parent"
"5929","ASI"
"5930","ADL"
"5931","AWC"
"5932","ASH"
"5933","ASJ"
"5934","AWA"
"5935","AWB"
"5936","AWA"
"5937","ASK"
"5938","AWA"
"5939","AUA"
"5940","ASI"
"5941","ASI"
"5942","ASJ"
"5943","AWB"
"5944","ADF_AWB"
"5945","ASJ"
"5946","ASI"
"5947","ASH"
"5948","AFD"
"5949","AFD"
"5950","AFD"
"5951","ASJ"
"5952","ASK"
"5953","ASI_parent"
"5954","ASI"
"5955","ASK"
"5956","ASI"
"5957","AWC"
"5958","ASI"
"5959","ASI"
"5960","ASI_parent"
"5961","AWC"
"5962","ASH"
"5963","ADL"
"5964","AWC"
"5965","ASH"
"5966","AWC"
"5967","ASK"
"5968","AWA"
"5969","AUA"
"5970","ASJ"
"5971","AWB"
"5972","ASI"
"5973","AUA"
"5974","ASG_AWA"
"5975","ASI"
"5976","ASJ"
"5977","ASJ"
"5978","AWB"
"5979","AWB"
"5980","ASG"
"5981","AWA"
"5982","AFD"
"5983","ASI"
"5984","ASK"
"5985","ASG"
"5986","ASJ"
"5987","ASH"
"5988","AWC"
"5989","AFD"
"5990","ADL"
"5991","ASI_parent"
"5992","AUA"
"5993","ASI"
"5994","AWC"
"5995","AWC"
"5996","ASI_parent"
"5997","AWC"
"5998","ASH"
"5999","ASG_AWA"
"6000","AUA"
"6001","AWC"
"6002","ASI"
"6003","AWA"
"6004","ADL"
"6005","ASH"
"6006","ASK"
"6007","AWA"
"6008","ASJ"
"6009","AWA"
"6010","ASI"
"6011","AWB"
"6012","ASH"
"6013","AFD"
"6014","ADL"
"6015","AWC"
"6016","ASG"
"6017","ASI"
"6018","ASI"
"6019","ASG"
"6020","AWA"
"6021","ASG"
"6022","ADF_AWB"
"6023","AWA"
"6024","ASG"
"6025","ASK"
"6026","ASI_parent"
"6027","ASI"
"6028","ASK"
"6029","AWA"
"6030","ASI_parent"
"6031","AWA"
"6032","ASK"
"6033","ASK"
"6034","ASG_AWA"
"6035","ASG"
"6036","ASG"
"6037","ASI_parent"
"6038","ADF"
"6039","ASI"
"6040","AWA"
"6041","AWB"
"6042","ADL"
"6043","ASH"
"6044","ASH"
"6045","AWB"
"6046","ASG"
"6047","ASH"
"6048","ASI_parent"
"6049","ASG"
"6050","AFD"
"6051","ASG_AWA"
"6052","ASH"
"6053","AUA"
"6054","ASG"
"6055","ASG_AWA"
"6056","AWB"
"6057","AWB"
"6058","ASH"
"6059","ASG"
"6060","ASG"
"6061","ASH"
"6062","ASI"
"6063","ASI"
"6064","ASG_AWA"
"6065","ASH"
"6066","AUA"
"6067","ASI"
"6068","AWC"
"6069","ASG"
"6070","ASJ"
"6071","AWC"
"6072","AWB"
"6073","AWC"
"6074","ADF"
"6075","AWA"
"6076","ASH"
"6077","ASG_AWA"
"6078","ASJ"
"6079","ASI"
"6080","AUA"
"6081","ASG"
"6082","AWB"
"6083","AWA"
"6084","AWB"
"6085","AWA"
"6086","AWC"
"6087","AWB"
"6088","AWA"
"6089","ASG_AWA"
"6090","AWA"
"6091","ASI"
"6092","ASI"
"6093","AWB"
"6094","AUA"
"6095","AFD"
"6096","ASK"
"6097","ASI"
"6098","ASK"
"6099","AWA"
"6100","ASH"
"6101","ASH"
"6102","ASH"
"6103","ASI"
"6104","AWA"
"6105","AWA"
"6106","ASG_AWA"
"6107","ASI"
"6108","ASK"
"6109","ASJ"
"6110","AWC"
"6111","ASG"
"6112","ASJ"
"6113","ASK"
"6114","ASG"
"6115","AWC"
"6116","ASI"
"6117","ASJ"
"6118","ASJ"
"6119","AWA"
"6120","ASK"
"6121","ASJ"
"6122","ASG"
"6123","ASI"
"6124","AWB"
"6125","ASI"
"6126","AWC"
"6127","ASI"
"6128","ASG"
"6129","AWC"
"6130","AWA"
"6131","ADL"
"6132","ASH"
"6133","ASI"
"6134","AWB"
"6135","ASI"
"6136","ADF_AWB"
"6137","AWB"
"6138","AWA"
"6139","ASG"
"6140","AWC"
"6141","ASH"
"6142","AUA"
"6143","AWB"
"6144","ADF"
"6145","ADF"
"6146","ASH"
"6147","ASG"
"6148","Neuroblast_ADF_AWB"
"6149","ADL"
"6150","ASK"
"6151","ASI"
"6152","AWC_ON"
"6153","ADL"
"6154","ASG"
"6155","AWC"
"6156","AWA"
"6157","AWB"
"6158","ASJ"
"6159","ASG_AWA"
"6160","AWA"
"6161","AWB"
"6162","AFD"
"6163","AWC"
"6164","ASK"
"6165","AWA"
"6166","AWC"
"6167","ASH"
"6168","ASG_AWA"
"6169","ASK"
"6170","AFD"
"6171","AWB"
"6172","ASG"
"6173","ASH"
"6174","ASJ"
"6175","AWB"
"6176","ASH"
"6177","ASK"
"6178","ASH"
"6179","ASG_AWA"
"6180","ASK"
"6181","ASK"
"6182","ASK"
"6183","AWA"
"6184","ASI"
"6185","ASJ"
"6186","ASH"
"6187","AWA"
"6188","AWC"
